A1,A2,A3
Kadının yaş grubu:16-19 ve Kadının eğitim durumu:Bilinmeyen,2009,16020
Kadının yaş grubu:16-19 ve Kadının eğitim durumu:Bilinmeyen,2010,11057
Kadının yaş grubu:16-19 ve Kadının eğitim durumu:Bilinmeyen,2011,6505
Kadının yaş grubu:16-19 ve Kadının eğitim durumu:Bilinmeyen,2012,4321
Kadının yaş grubu:16-19 ve Kadının eğitim durumu:Bilinmeyen,2013,2787
Kadının yaş grubu:16-19 ve Kadının eğitim durumu:Bilinmeyen,2014,1986
Kadının yaş grubu:16-19 ve Kadının eğitim durumu:Bilinmeyen,2015,1128
Kadının yaş grubu:16-19 ve Kadının eğitim durumu:Bilinmeyen,2016,748
Kadının yaş grubu:16-19 ve Kadının eğitim durumu:Bilinmeyen,2017,703
Kadının yaş grubu:16-19 ve Kadının eğitim durumu:Bilinmeyen,2018,656
Kadının yaş grubu:16-19 ve Kadının eğitim durumu:Bilinmeyen,2019,600
Kadının yaş grubu:16-19 ve Kadının eğitim durumu:Lise Ve Dengi Meslek Okulu,2009,11449
Kadının yaş grubu:16-19 ve Kadının eğitim durumu:Lise Ve Dengi Meslek Okulu,2010,5414
Kadının yaş grubu:16-19 ve Kadının eğitim durumu:Lise Ve Dengi Meslek Okulu,2011,10376
Kadının yaş grubu:16-19 ve Kadının eğitim durumu:Lise Ve Dengi Meslek Okulu,2012,3871
Kadının yaş grubu:16-19 ve Kadının eğitim durumu:Lise Ve Dengi Meslek Okulu,2013,296
Kadının yaş grubu:16-19 ve Kadının eğitim durumu:Lise Ve Dengi Meslek Okulu,2014,29
Kadının yaş grubu:16-19 ve Kadının eğitim durumu:Lise Ve Dengi Meslek Okulu,2015,15670
Kadının yaş grubu:16-19 ve Kadının eğitim durumu:Lise Ve Dengi Meslek Okulu,2016,16825
Kadının yaş grubu:16-19 ve Kadının eğitim durumu:Lise Ve Dengi Meslek Okulu,2017,18666
Kadının yaş grubu:16-19 ve Kadının eğitim durumu:Lise Ve Dengi Meslek Okulu,2018,18040
Kadının yaş grubu:16-19 ve Kadının eğitim durumu:Lise Ve Dengi Meslek Okulu,2019,17079
Kadının yaş grubu:16-19 ve Kadının eğitim durumu:Okuma Yazma Bilen Fakat Bir Okul Bitirmeyen,2009,26719
Kadının yaş grubu:16-19 ve Kadının eğitim durumu:Okuma Yazma Bilen Fakat Bir Okul Bitirmeyen,2010,27419
Kadının yaş grubu:16-19 ve Kadının eğitim durumu:Okuma Yazma Bilen Fakat Bir Okul Bitirmeyen,2011,25539
Kadının yaş grubu:16-19 ve Kadının eğitim durumu:Okuma Yazma Bilen Fakat Bir Okul Bitirmeyen,2012,26683
Kadının yaş grubu:16-19 ve Kadının eğitim durumu:Okuma Yazma Bilen Fakat Bir Okul Bitirmeyen,2013,30684
Kadının yaş grubu:16-19 ve Kadının eğitim durumu:Okuma Yazma Bilen Fakat Bir Okul Bitirmeyen,2014,43478
Kadının yaş grubu:16-19 ve Kadının eğitim durumu:Okuma Yazma Bilen Fakat Bir Okul Bitirmeyen,2015,18050
Kadının yaş grubu:16-19 ve Kadının eğitim durumu:Okuma Yazma Bilen Fakat Bir Okul Bitirmeyen,2016,13437
Kadının yaş grubu:16-19 ve Kadının eğitim durumu:Okuma Yazma Bilen Fakat Bir Okul Bitirmeyen,2017,9305
Kadının yaş grubu:16-19 ve Kadının eğitim durumu:Okuma Yazma Bilen Fakat Bir Okul Bitirmeyen,2018,4391
Kadının yaş grubu:16-19 ve Kadının eğitim durumu:Okuma Yazma Bilen Fakat Bir Okul Bitirmeyen,2019,1748
Kadının yaş grubu:16-19 ve Kadının eğitim durumu:Okuma Yazma Bilmeyen,2009,8349
Kadının yaş grubu:16-19 ve Kadının eğitim durumu:Okuma Yazma Bilmeyen,2010,6855
Kadının yaş grubu:16-19 ve Kadının eğitim durumu:Okuma Yazma Bilmeyen,2011,5105
Kadının yaş grubu:16-19 ve Kadının eğitim durumu:Okuma Yazma Bilmeyen,2012,3941
Kadının yaş grubu:16-19 ve Kadının eğitim durumu:Okuma Yazma Bilmeyen,2013,2583
Kadının yaş grubu:16-19 ve Kadının eğitim durumu:Okuma Yazma Bilmeyen,2014,1611
Kadının yaş grubu:16-19 ve Kadının eğitim durumu:Okuma Yazma Bilmeyen,2015,903
Kadının yaş grubu:16-19 ve Kadının eğitim durumu:Okuma Yazma Bilmeyen,2016,626
Kadının yaş grubu:16-19 ve Kadının eğitim durumu:Okuma Yazma Bilmeyen,2017,397
Kadının yaş grubu:16-19 ve Kadının eğitim durumu:Okuma Yazma Bilmeyen,2018,208
Kadının yaş grubu:16-19 ve Kadının eğitim durumu:Okuma Yazma Bilmeyen,2019,80
Kadının yaş grubu:16-19 ve Kadının eğitim durumu:Ortaokul Veya Dengi Meslek Ortaokul,2015,3827
Kadının yaş grubu:16-19 ve Kadının eğitim durumu:Ortaokul Veya Dengi Meslek Ortaokul,2016,11911
Kadının yaş grubu:16-19 ve Kadının eğitim durumu:Ortaokul Veya Dengi Meslek Ortaokul,2017,21084
Kadının yaş grubu:16-19 ve Kadının eğitim durumu:Ortaokul Veya Dengi Meslek Ortaokul,2018,36537
Kadının yaş grubu:16-19 ve Kadının eğitim durumu:Ortaokul Veya Dengi Meslek Ortaokul,2019,47836
Kadının yaş grubu:16-19 ve Kadının eğitim durumu:Yüksek Öğretim,2009,11
Kadının yaş grubu:16-19 ve Kadının eğitim durumu:Yüksek Öğretim,2010,11
Kadının yaş grubu:16-19 ve Kadının eğitim durumu:Yüksek Öğretim,2011,12
Kadının yaş grubu:16-19 ve Kadının eğitim durumu:Yüksek Öğretim,2015,237
Kadının yaş grubu:16-19 ve Kadının eğitim durumu:Yüksek Öğretim,2016,232
Kadının yaş grubu:16-19 ve Kadının eğitim durumu:Yüksek Öğretim,2017,247
Kadının yaş grubu:16-19 ve Kadının eğitim durumu:Yüksek Öğretim,2018,212
Kadının yaş grubu:16-19 ve Kadının eğitim durumu:Yüksek Öğretim,2019,187
Kadının yaş grubu:16-19 ve Kadının eğitim durumu:İlkokul,2015,2343
Kadının yaş grubu:16-19 ve Kadının eğitim durumu:İlkokul,2016,9213
Kadının yaş grubu:16-19 ve Kadının eğitim durumu:İlkokul,2017,14118
Kadının yaş grubu:16-19 ve Kadının eğitim durumu:İlkokul,2018,8943
Kadının yaş grubu:16-19 ve Kadının eğitim durumu:İlkokul,2019,1640
Kadının yaş grubu:16-19 ve Kadının eğitim durumu:İlköğretim,2009,80171
Kadının yaş grubu:16-19 ve Kadının eğitim durumu:İlköğretim,2010,83640
Kadının yaş grubu:16-19 ve Kadının eğitim durumu:İlköğretim,2011,82592
Kadının yaş grubu:16-19 ve Kadının eğitim durumu:İlköğretim,2012,89734
Kadının yaş grubu:16-19 ve Kadının eğitim durumu:İlköğretim,2013,86187
Kadının yaş grubu:16-19 ve Kadının eğitim durumu:İlköğretim,2014,68556
Kadının yaş grubu:16-19 ve Kadının eğitim durumu:İlköğretim,2015,65507
Kadının yaş grubu:16-19 ve Kadının eğitim durumu:İlköğretim,2016,45941
Kadının yaş grubu:16-19 ve Kadının eğitim durumu:İlköğretim,2017,24219
Kadının yaş grubu:16-19 ve Kadının eğitim durumu:İlköğretim,2018,12660
Kadının yaş grubu:16-19 ve Kadının eğitim durumu:İlköğretim,2019,1978
Kadının yaş grubu:20-24 ve Kadının eğitim durumu:Bilinmeyen,2009,18235
Kadının yaş grubu:20-24 ve Kadının eğitim durumu:Bilinmeyen,2010,15436
Kadının yaş grubu:20-24 ve Kadının eğitim durumu:Bilinmeyen,2011,12019
Kadının yaş grubu:20-24 ve Kadının eğitim durumu:Bilinmeyen,2012,11039
Kadının yaş grubu:20-24 ve Kadının eğitim durumu:Bilinmeyen,2013,9095
Kadının yaş grubu:20-24 ve Kadının eğitim durumu:Bilinmeyen,2014,7293
Kadının yaş grubu:20-24 ve Kadının eğitim durumu:Bilinmeyen,2015,3259
Kadının yaş grubu:20-24 ve Kadının eğitim durumu:Bilinmeyen,2016,2351
Kadının yaş grubu:20-24 ve Kadının eğitim durumu:Bilinmeyen,2017,2063
Kadının yaş grubu:20-24 ve Kadının eğitim durumu:Bilinmeyen,2018,1897
Kadının yaş grubu:20-24 ve Kadının eğitim durumu:Bilinmeyen,2019,1830
Kadının yaş grubu:20-24 ve Kadının eğitim durumu:Lise Ve Dengi Meslek Okulu,2009,87153
Kadının yaş grubu:20-24 ve Kadının eğitim durumu:Lise Ve Dengi Meslek Okulu,2010,87538
Kadının yaş grubu:20-24 ve Kadının eğitim durumu:Lise Ve Dengi Meslek Okulu,2011,81024
Kadının yaş grubu:20-24 ve Kadının eğitim durumu:Lise Ve Dengi Meslek Okulu,2012,86090
Kadının yaş grubu:20-24 ve Kadının eğitim durumu:Lise Ve Dengi Meslek Okulu,2013,84776
Kadının yaş grubu:20-24 ve Kadının eğitim durumu:Lise Ve Dengi Meslek Okulu,2014,73756
Kadının yaş grubu:20-24 ve Kadının eğitim durumu:Lise Ve Dengi Meslek Okulu,2015,56466
Kadının yaş grubu:20-24 ve Kadının eğitim durumu:Lise Ve Dengi Meslek Okulu,2016,56580
Kadının yaş grubu:20-24 ve Kadının eğitim durumu:Lise Ve Dengi Meslek Okulu,2017,58972
Kadının yaş grubu:20-24 ve Kadının eğitim durumu:Lise Ve Dengi Meslek Okulu,2018,61305
Kadının yaş grubu:20-24 ve Kadının eğitim durumu:Lise Ve Dengi Meslek Okulu,2019,63171
Kadının yaş grubu:20-24 ve Kadının eğitim durumu:Okuma Yazma Bilen Fakat Bir Okul Bitirmeyen,2009,18575
Kadının yaş grubu:20-24 ve Kadının eğitim durumu:Okuma Yazma Bilen Fakat Bir Okul Bitirmeyen,2010,19888
Kadının yaş grubu:20-24 ve Kadının eğitim durumu:Okuma Yazma Bilen Fakat Bir Okul Bitirmeyen,2011,18811
Kadının yaş grubu:20-24 ve Kadının eğitim durumu:Okuma Yazma Bilen Fakat Bir Okul Bitirmeyen,2012,20537
Kadının yaş grubu:20-24 ve Kadının eğitim durumu:Okuma Yazma Bilen Fakat Bir Okul Bitirmeyen,2013,20094
Kadının yaş grubu:20-24 ve Kadının eğitim durumu:Okuma Yazma Bilen Fakat Bir Okul Bitirmeyen,2014,20418
Kadının yaş grubu:20-24 ve Kadının eğitim durumu:Okuma Yazma Bilen Fakat Bir Okul Bitirmeyen,2015,17387
Kadının yaş grubu:20-24 ve Kadının eğitim durumu:Okuma Yazma Bilen Fakat Bir Okul Bitirmeyen,2016,14743
Kadının yaş grubu:20-24 ve Kadının eğitim durumu:Okuma Yazma Bilen Fakat Bir Okul Bitirmeyen,2017,12358
Kadının yaş grubu:20-24 ve Kadının eğitim durumu:Okuma Yazma Bilen Fakat Bir Okul Bitirmeyen,2018,8334
Kadının yaş grubu:20-24 ve Kadının eğitim durumu:Okuma Yazma Bilen Fakat Bir Okul Bitirmeyen,2019,4205
Kadının yaş grubu:20-24 ve Kadının eğitim durumu:Okuma Yazma Bilmeyen,2009,9358
Kadının yaş grubu:20-24 ve Kadının eğitim durumu:Okuma Yazma Bilmeyen,2010,8190
Kadının yaş grubu:20-24 ve Kadının eğitim durumu:Okuma Yazma Bilmeyen,2011,7113
Kadının yaş grubu:20-24 ve Kadının eğitim durumu:Okuma Yazma Bilmeyen,2012,6673
Kadının yaş grubu:20-24 ve Kadının eğitim durumu:Okuma Yazma Bilmeyen,2013,5710
Kadının yaş grubu:20-24 ve Kadının eğitim durumu:Okuma Yazma Bilmeyen,2014,4712
Kadının yaş grubu:20-24 ve Kadının eğitim durumu:Okuma Yazma Bilmeyen,2015,2664
Kadının yaş grubu:20-24 ve Kadının eğitim durumu:Okuma Yazma Bilmeyen,2016,2004
Kadının yaş grubu:20-24 ve Kadının eğitim durumu:Okuma Yazma Bilmeyen,2017,1316
Kadının yaş grubu:20-24 ve Kadının eğitim durumu:Okuma Yazma Bilmeyen,2018,876
Kadının yaş grubu:20-24 ve Kadının eğitim durumu:Okuma Yazma Bilmeyen,2019,451
Kadının yaş grubu:20-24 ve Kadının eğitim durumu:Ortaokul Veya Dengi Meslek Ortaokul,2014,2
Kadının yaş grubu:20-24 ve Kadının eğitim durumu:Ortaokul Veya Dengi Meslek Ortaokul,2015,2787
Kadının yaş grubu:20-24 ve Kadının eğitim durumu:Ortaokul Veya Dengi Meslek Ortaokul,2016,1715
Kadının yaş grubu:20-24 ve Kadının eğitim durumu:Ortaokul Veya Dengi Meslek Ortaokul,2017,1172
Kadının yaş grubu:20-24 ve Kadının eğitim durumu:Ortaokul Veya Dengi Meslek Ortaokul,2018,4568
Kadının yaş grubu:20-24 ve Kadının eğitim durumu:Ortaokul Veya Dengi Meslek Ortaokul,2019,30784
Kadının yaş grubu:20-24 ve Kadının eğitim durumu:Yüksek Öğretim,2009,6070
Kadının yaş grubu:20-24 ve Kadının eğitim durumu:Yüksek Öğretim,2010,5345
Kadının yaş grubu:20-24 ve Kadının eğitim durumu:Yüksek Öğretim,2011,18697
Kadının yaş grubu:20-24 ve Kadının eğitim durumu:Yüksek Öğretim,2012,12153
Kadının yaş grubu:20-24 ve Kadının eğitim durumu:Yüksek Öğretim,2013,5724
Kadının yaş grubu:20-24 ve Kadının eğitim durumu:Yüksek Öğretim,2014,2044
Kadının yaş grubu:20-24 ve Kadının eğitim durumu:Yüksek Öğretim,2015,62371
Kadının yaş grubu:20-24 ve Kadının eğitim durumu:Yüksek Öğretim,2016,63681
Kadının yaş grubu:20-24 ve Kadının eğitim durumu:Yüksek Öğretim,2017,61700
Kadının yaş grubu:20-24 ve Kadının eğitim durumu:Yüksek Öğretim,2018,58848
Kadının yaş grubu:20-24 ve Kadının eğitim durumu:Yüksek Öğretim,2019,58414
Kadının yaş grubu:20-24 ve Kadının eğitim durumu:İlkokul,2009,25443
Kadının yaş grubu:20-24 ve Kadının eğitim durumu:İlkokul,2010,13147
Kadının yaş grubu:20-24 ve Kadının eğitim durumu:İlkokul,2011,4843
Kadının yaş grubu:20-24 ve Kadının eğitim durumu:İlkokul,2012,1127
Kadının yaş grubu:20-24 ve Kadının eğitim durumu:İlkokul,2015,841
Kadının yaş grubu:20-24 ve Kadının eğitim durumu:İlkokul,2016,1600
Kadının yaş grubu:20-24 ve Kadının eğitim durumu:İlkokul,2017,1704
Kadının yaş grubu:20-24 ve Kadının eğitim durumu:İlkokul,2018,2259
Kadının yaş grubu:20-24 ve Kadının eğitim durumu:İlkokul,2019,1801
Kadının yaş grubu:20-24 ve Kadının eğitim durumu:İlköğretim,2009,46106
Kadının yaş grubu:20-24 ve Kadının eğitim durumu:İlköğretim,2010,56880
Kadının yaş grubu:20-24 ve Kadının eğitim durumu:İlköğretim,2011,64925
Kadının yaş grubu:20-24 ve Kadının eğitim durumu:İlköğretim,2012,70656
Kadının yaş grubu:20-24 ve Kadının eğitim durumu:İlköğretim,2013,80196
Kadının yaş grubu:20-24 ve Kadının eğitim durumu:İlköğretim,2014,97302
Kadının yaş grubu:20-24 ve Kadının eğitim durumu:İlköğretim,2015,59945
Kadının yaş grubu:20-24 ve Kadının eğitim durumu:İlköğretim,2016,57712
Kadının yaş grubu:20-24 ve Kadının eğitim durumu:İlköğretim,2017,52929
Kadının yaş grubu:20-24 ve Kadının eğitim durumu:İlköğretim,2018,46057
Kadının yaş grubu:20-24 ve Kadının eğitim durumu:İlköğretim,2019,16925
Kadının yaş grubu:25-29 ve Kadının eğitim durumu:Bilinmeyen,2009,10178
Kadının yaş grubu:25-29 ve Kadının eğitim durumu:Bilinmeyen,2010,8155
Kadının yaş grubu:25-29 ve Kadının eğitim durumu:Bilinmeyen,2011,5462
Kadının yaş grubu:25-29 ve Kadının eğitim durumu:Bilinmeyen,2012,4882
Kadının yaş grubu:25-29 ve Kadının eğitim durumu:Bilinmeyen,2013,4747
Kadının yaş grubu:25-29 ve Kadının eğitim durumu:Bilinmeyen,2014,4457
Kadının yaş grubu:25-29 ve Kadının eğitim durumu:Bilinmeyen,2015,2080
Kadının yaş grubu:25-29 ve Kadının eğitim durumu:Bilinmeyen,2016,1645
Kadının yaş grubu:25-29 ve Kadının eğitim durumu:Bilinmeyen,2017,1579
Kadının yaş grubu:25-29 ve Kadının eğitim durumu:Bilinmeyen,2018,1515
Kadının yaş grubu:25-29 ve Kadının eğitim durumu:Bilinmeyen,2019,1462
Kadının yaş grubu:25-29 ve Kadının eğitim durumu:Lise Ve Dengi Meslek Okulu,2009,41194
Kadının yaş grubu:25-29 ve Kadının eğitim durumu:Lise Ve Dengi Meslek Okulu,2010,48429
Kadının yaş grubu:25-29 ve Kadının eğitim durumu:Lise Ve Dengi Meslek Okulu,2011,40611
Kadının yaş grubu:25-29 ve Kadının eğitim durumu:Lise Ve Dengi Meslek Okulu,2012,46859
Kadının yaş grubu:25-29 ve Kadının eğitim durumu:Lise Ve Dengi Meslek Okulu,2013,58020
Kadının yaş grubu:25-29 ve Kadının eğitim durumu:Lise Ve Dengi Meslek Okulu,2014,70948
Kadının yaş grubu:25-29 ve Kadının eğitim durumu:Lise Ve Dengi Meslek Okulu,2015,26068
Kadının yaş grubu:25-29 ve Kadının eğitim durumu:Lise Ve Dengi Meslek Okulu,2016,22529
Kadının yaş grubu:25-29 ve Kadının eğitim durumu:Lise Ve Dengi Meslek Okulu,2017,20610
Kadının yaş grubu:25-29 ve Kadının eğitim durumu:Lise Ve Dengi Meslek Okulu,2018,20198
Kadının yaş grubu:25-29 ve Kadının eğitim durumu:Lise Ve Dengi Meslek Okulu,2019,20914
Kadının yaş grubu:25-29 ve Kadının eğitim durumu:Okuma Yazma Bilen Fakat Bir Okul Bitirmeyen,2009,5722
Kadının yaş grubu:25-29 ve Kadının eğitim durumu:Okuma Yazma Bilen Fakat Bir Okul Bitirmeyen,2010,5554
Kadının yaş grubu:25-29 ve Kadının eğitim durumu:Okuma Yazma Bilen Fakat Bir Okul Bitirmeyen,2011,4748
Kadının yaş grubu:25-29 ve Kadının eğitim durumu:Okuma Yazma Bilen Fakat Bir Okul Bitirmeyen,2012,4901
Kadının yaş grubu:25-29 ve Kadının eğitim durumu:Okuma Yazma Bilen Fakat Bir Okul Bitirmeyen,2013,5262
Kadının yaş grubu:25-29 ve Kadının eğitim durumu:Okuma Yazma Bilen Fakat Bir Okul Bitirmeyen,2014,5483
Kadının yaş grubu:25-29 ve Kadının eğitim durumu:Okuma Yazma Bilen Fakat Bir Okul Bitirmeyen,2015,5477
Kadının yaş grubu:25-29 ve Kadının eğitim durumu:Okuma Yazma Bilen Fakat Bir Okul Bitirmeyen,2016,4913
Kadının yaş grubu:25-29 ve Kadının eğitim durumu:Okuma Yazma Bilen Fakat Bir Okul Bitirmeyen,2017,4527
Kadının yaş grubu:25-29 ve Kadının eğitim durumu:Okuma Yazma Bilen Fakat Bir Okul Bitirmeyen,2018,3965
Kadının yaş grubu:25-29 ve Kadının eğitim durumu:Okuma Yazma Bilen Fakat Bir Okul Bitirmeyen,2019,3074
Kadının yaş grubu:25-29 ve Kadının eğitim durumu:Okuma Yazma Bilmeyen,2009,4810
Kadının yaş grubu:25-29 ve Kadının eğitim durumu:Okuma Yazma Bilmeyen,2010,3807
Kadının yaş grubu:25-29 ve Kadının eğitim durumu:Okuma Yazma Bilmeyen,2011,3180
Kadının yaş grubu:25-29 ve Kadının eğitim durumu:Okuma Yazma Bilmeyen,2012,3112
Kadının yaş grubu:25-29 ve Kadının eğitim durumu:Okuma Yazma Bilmeyen,2013,2876
Kadının yaş grubu:25-29 ve Kadının eğitim durumu:Okuma Yazma Bilmeyen,2014,2688
Kadının yaş grubu:25-29 ve Kadının eğitim durumu:Okuma Yazma Bilmeyen,2015,1789
Kadının yaş grubu:25-29 ve Kadının eğitim durumu:Okuma Yazma Bilmeyen,2016,1634
Kadının yaş grubu:25-29 ve Kadının eğitim durumu:Okuma Yazma Bilmeyen,2017,1323
Kadının yaş grubu:25-29 ve Kadının eğitim durumu:Okuma Yazma Bilmeyen,2018,1056
Kadının yaş grubu:25-29 ve Kadının eğitim durumu:Okuma Yazma Bilmeyen,2019,749
Kadının yaş grubu:25-29 ve Kadının eğitim durumu:Ortaokul Veya Dengi Meslek Ortaokul,2009,3715
Kadının yaş grubu:25-29 ve Kadının eğitim durumu:Ortaokul Veya Dengi Meslek Ortaokul,2010,2302
Kadının yaş grubu:25-29 ve Kadının eğitim durumu:Ortaokul Veya Dengi Meslek Ortaokul,2011,1273
Kadının yaş grubu:25-29 ve Kadının eğitim durumu:Ortaokul Veya Dengi Meslek Ortaokul,2012,689
Kadının yaş grubu:25-29 ve Kadının eğitim durumu:Ortaokul Veya Dengi Meslek Ortaokul,2013,173
Kadının yaş grubu:25-29 ve Kadının eğitim durumu:Ortaokul Veya Dengi Meslek Ortaokul,2014,3
Kadının yaş grubu:25-29 ve Kadının eğitim durumu:Ortaokul Veya Dengi Meslek Ortaokul,2015,2474
Kadının yaş grubu:25-29 ve Kadının eğitim durumu:Ortaokul Veya Dengi Meslek Ortaokul,2016,1452
Kadının yaş grubu:25-29 ve Kadının eğitim durumu:Ortaokul Veya Dengi Meslek Ortaokul,2017,64
Kadının yaş grubu:25-29 ve Kadının eğitim durumu:Ortaokul Veya Dengi Meslek Ortaokul,2018,96
Kadının yaş grubu:25-29 ve Kadının eğitim durumu:Ortaokul Veya Dengi Meslek Ortaokul,2019,6416
Kadının yaş grubu:25-29 ve Kadının eğitim durumu:Yüksek Öğretim,2009,27134
Kadının yaş grubu:25-29 ve Kadının eğitim durumu:Yüksek Öğretim,2010,25122
Kadının yaş grubu:25-29 ve Kadının eğitim durumu:Yüksek Öğretim,2011,40756
Kadının yaş grubu:25-29 ve Kadının eğitim durumu:Yüksek Öğretim,2012,38746
Kadının yaş grubu:25-29 ve Kadının eğitim durumu:Yüksek Öğretim,2013,35232
Kadının yaş grubu:25-29 ve Kadının eğitim durumu:Yüksek Öğretim,2014,26622
Kadının yaş grubu:25-29 ve Kadının eğitim durumu:Yüksek Öğretim,2015,84704
Kadının yaş grubu:25-29 ve Kadının eğitim durumu:Yüksek Öğretim,2016,90340
Kadının yaş grubu:25-29 ve Kadının eğitim durumu:Yüksek Öğretim,2017,93621
Kadının yaş grubu:25-29 ve Kadının eğitim durumu:Yüksek Öğretim,2018,94615
Kadının yaş grubu:25-29 ve Kadının eğitim durumu:Yüksek Öğretim,2019,100406
Kadının yaş grubu:25-29 ve Kadının eğitim durumu:İlkokul,2009,22726
Kadının yaş grubu:25-29 ve Kadının eğitim durumu:İlkokul,2010,20107
Kadının yaş grubu:25-29 ve Kadının eğitim durumu:İlkokul,2011,16193
Kadının yaş grubu:25-29 ve Kadının eğitim durumu:İlkokul,2012,13256
Kadının yaş grubu:25-29 ve Kadının eğitim durumu:İlkokul,2013,9296
Kadının yaş grubu:25-29 ve Kadının eğitim durumu:İlkokul,2014,5607
Kadının yaş grubu:25-29 ve Kadının eğitim durumu:İlkokul,2015,2759
Kadının yaş grubu:25-29 ve Kadının eğitim durumu:İlkokul,2016,1435
Kadının yaş grubu:25-29 ve Kadının eğitim durumu:İlkokul,2017,728
Kadının yaş grubu:25-29 ve Kadının eğitim durumu:İlkokul,2018,569
Kadının yaş grubu:25-29 ve Kadının eğitim durumu:İlkokul,2019,646
Kadının yaş grubu:25-29 ve Kadının eğitim durumu:İlköğretim,2009,4641
Kadının yaş grubu:25-29 ve Kadının eğitim durumu:İlköğretim,2010,6652
Kadının yaş grubu:25-29 ve Kadının eğitim durumu:İlköğretim,2011,11209
Kadının yaş grubu:25-29 ve Kadının eğitim durumu:İlköğretim,2012,13516
Kadının yaş grubu:25-29 ve Kadının eğitim durumu:İlköğretim,2013,15535
Kadının yaş grubu:25-29 ve Kadının eğitim durumu:İlköğretim,2014,17397
Kadının yaş grubu:25-29 ve Kadının eğitim durumu:İlköğretim,2015,13643
Kadının yaş grubu:25-29 ve Kadının eğitim durumu:İlköğretim,2016,14780
Kadının yaş grubu:25-29 ve Kadının eğitim durumu:İlköğretim,2017,16377
Kadının yaş grubu:25-29 ve Kadının eğitim durumu:İlköğretim,2018,15514
Kadının yaş grubu:25-29 ve Kadının eğitim durumu:İlköğretim,2019,8285
Kadının yaş grubu:30-34 ve Kadının eğitim durumu:Bilinmeyen,2009,3523
Kadının yaş grubu:30-34 ve Kadının eğitim durumu:Bilinmeyen,2010,3070
Kadının yaş grubu:30-34 ve Kadının eğitim durumu:Bilinmeyen,2011,2393
Kadının yaş grubu:30-34 ve Kadının eğitim durumu:Bilinmeyen,2012,2408
Kadının yaş grubu:30-34 ve Kadının eğitim durumu:Bilinmeyen,2013,2131
Kadının yaş grubu:30-34 ve Kadının eğitim durumu:Bilinmeyen,2014,1993
Kadının yaş grubu:30-34 ve Kadının eğitim durumu:Bilinmeyen,2015,642
Kadının yaş grubu:30-34 ve Kadının eğitim durumu:Bilinmeyen,2016,512
Kadının yaş grubu:30-34 ve Kadının eğitim durumu:Bilinmeyen,2017,560
Kadının yaş grubu:30-34 ve Kadının eğitim durumu:Bilinmeyen,2018,487
Kadının yaş grubu:30-34 ve Kadının eğitim durumu:Bilinmeyen,2019,496
Kadının yaş grubu:30-34 ve Kadının eğitim durumu:Lise Ve Dengi Meslek Okulu,2009,7687
Kadının yaş grubu:30-34 ve Kadının eğitim durumu:Lise Ve Dengi Meslek Okulu,2010,8877
Kadının yaş grubu:30-34 ve Kadının eğitim durumu:Lise Ve Dengi Meslek Okulu,2011,9176
Kadının yaş grubu:30-34 ve Kadının eğitim durumu:Lise Ve Dengi Meslek Okulu,2012,9781
Kadının yaş grubu:30-34 ve Kadının eğitim durumu:Lise Ve Dengi Meslek Okulu,2013,10468
Kadının yaş grubu:30-34 ve Kadının eğitim durumu:Lise Ve Dengi Meslek Okulu,2014,11413
Kadının yaş grubu:30-34 ve Kadının eğitim durumu:Lise Ve Dengi Meslek Okulu,2015,7442
Kadının yaş grubu:30-34 ve Kadının eğitim durumu:Lise Ve Dengi Meslek Okulu,2016,7050
Kadının yaş grubu:30-34 ve Kadının eğitim durumu:Lise Ve Dengi Meslek Okulu,2017,6491
Kadının yaş grubu:30-34 ve Kadının eğitim durumu:Lise Ve Dengi Meslek Okulu,2018,6166
Kadının yaş grubu:30-34 ve Kadının eğitim durumu:Lise Ve Dengi Meslek Okulu,2019,5904
Kadının yaş grubu:30-34 ve Kadının eğitim durumu:Okuma Yazma Bilen Fakat Bir Okul Bitirmeyen,2009,1426
Kadının yaş grubu:30-34 ve Kadının eğitim durumu:Okuma Yazma Bilen Fakat Bir Okul Bitirmeyen,2010,1511
Kadının yaş grubu:30-34 ve Kadının eğitim durumu:Okuma Yazma Bilen Fakat Bir Okul Bitirmeyen,2011,1427
Kadının yaş grubu:30-34 ve Kadının eğitim durumu:Okuma Yazma Bilen Fakat Bir Okul Bitirmeyen,2012,1624
Kadının yaş grubu:30-34 ve Kadının eğitim durumu:Okuma Yazma Bilen Fakat Bir Okul Bitirmeyen,2013,1577
Kadının yaş grubu:30-34 ve Kadının eğitim durumu:Okuma Yazma Bilen Fakat Bir Okul Bitirmeyen,2014,1461
Kadının yaş grubu:30-34 ve Kadının eğitim durumu:Okuma Yazma Bilen Fakat Bir Okul Bitirmeyen,2015,1535
Kadının yaş grubu:30-34 ve Kadının eğitim durumu:Okuma Yazma Bilen Fakat Bir Okul Bitirmeyen,2016,1346
Kadının yaş grubu:30-34 ve Kadının eğitim durumu:Okuma Yazma Bilen Fakat Bir Okul Bitirmeyen,2017,1180
Kadının yaş grubu:30-34 ve Kadının eğitim durumu:Okuma Yazma Bilen Fakat Bir Okul Bitirmeyen,2018,1100
Kadının yaş grubu:30-34 ve Kadının eğitim durumu:Okuma Yazma Bilen Fakat Bir Okul Bitirmeyen,2019,944
Kadının yaş grubu:30-34 ve Kadının eğitim durumu:Okuma Yazma Bilmeyen,2009,1665
Kadının yaş grubu:30-34 ve Kadının eğitim durumu:Okuma Yazma Bilmeyen,2010,1430
Kadının yaş grubu:30-34 ve Kadının eğitim durumu:Okuma Yazma Bilmeyen,2011,1345
Kadının yaş grubu:30-34 ve Kadının eğitim durumu:Okuma Yazma Bilmeyen,2012,1441
Kadının yaş grubu:30-34 ve Kadının eğitim durumu:Okuma Yazma Bilmeyen,2013,1223
Kadının yaş grubu:30-34 ve Kadının eğitim durumu:Okuma Yazma Bilmeyen,2014,1150
Kadının yaş grubu:30-34 ve Kadının eğitim durumu:Okuma Yazma Bilmeyen,2015,793
Kadının yaş grubu:30-34 ve Kadının eğitim durumu:Okuma Yazma Bilmeyen,2016,657
Kadının yaş grubu:30-34 ve Kadının eğitim durumu:Okuma Yazma Bilmeyen,2017,598
Kadının yaş grubu:30-34 ve Kadının eğitim durumu:Okuma Yazma Bilmeyen,2018,547
Kadının yaş grubu:30-34 ve Kadının eğitim durumu:Okuma Yazma Bilmeyen,2019,425
Kadının yaş grubu:30-34 ve Kadının eğitim durumu:Ortaokul Veya Dengi Meslek Ortaokul,2009,1145
Kadının yaş grubu:30-34 ve Kadının eğitim durumu:Ortaokul Veya Dengi Meslek Ortaokul,2010,1181
Kadının yaş grubu:30-34 ve Kadının eğitim durumu:Ortaokul Veya Dengi Meslek Ortaokul,2011,1156
Kadının yaş grubu:30-34 ve Kadının eğitim durumu:Ortaokul Veya Dengi Meslek Ortaokul,2012,1319
Kadının yaş grubu:30-34 ve Kadının eğitim durumu:Ortaokul Veya Dengi Meslek Ortaokul,2013,1245
Kadının yaş grubu:30-34 ve Kadının eğitim durumu:Ortaokul Veya Dengi Meslek Ortaokul,2014,1029
Kadının yaş grubu:30-34 ve Kadının eğitim durumu:Ortaokul Veya Dengi Meslek Ortaokul,2015,1743
Kadının yaş grubu:30-34 ve Kadının eğitim durumu:Ortaokul Veya Dengi Meslek Ortaokul,2016,1272
Kadının yaş grubu:30-34 ve Kadının eğitim durumu:Ortaokul Veya Dengi Meslek Ortaokul,2017,797
Kadının yaş grubu:30-34 ve Kadının eğitim durumu:Ortaokul Veya Dengi Meslek Ortaokul,2018,535
Kadının yaş grubu:30-34 ve Kadının eğitim durumu:Ortaokul Veya Dengi Meslek Ortaokul,2019,1100
Kadının yaş grubu:30-34 ve Kadının eğitim durumu:Yüksek Öğretim,2009,7828
Kadının yaş grubu:30-34 ve Kadının eğitim durumu:Yüksek Öğretim,2010,8702
Kadının yaş grubu:30-34 ve Kadının eğitim durumu:Yüksek Öğretim,2011,11110
Kadının yaş grubu:30-34 ve Kadının eğitim durumu:Yüksek Öğretim,2012,11776
Kadının yaş grubu:30-34 ve Kadının eğitim durumu:Yüksek Öğretim,2013,12207
Kadının yaş grubu:30-34 ve Kadının eğitim durumu:Yüksek Öğretim,2014,12456
Kadının yaş grubu:30-34 ve Kadının eğitim durumu:Yüksek Öğretim,2015,19380
Kadının yaş grubu:30-34 ve Kadının eğitim durumu:Yüksek Öğretim,2016,20642
Kadının yaş grubu:30-34 ve Kadının eğitim durumu:Yüksek Öğretim,2017,20714
Kadının yaş grubu:30-34 ve Kadının eğitim durumu:Yüksek Öğretim,2018,21350
Kadının yaş grubu:30-34 ve Kadının eğitim durumu:Yüksek Öğretim,2019,22723
Kadının yaş grubu:30-34 ve Kadının eğitim durumu:İlkokul,2009,7989
Kadının yaş grubu:30-34 ve Kadının eğitim durumu:İlkokul,2010,7573
Kadının yaş grubu:30-34 ve Kadının eğitim durumu:İlkokul,2011,6878
Kadının yaş grubu:30-34 ve Kadının eğitim durumu:İlkokul,2012,7070
Kadının yaş grubu:30-34 ve Kadının eğitim durumu:İlkokul,2013,6327
Kadının yaş grubu:30-34 ve Kadının eğitim durumu:İlkokul,2014,5896
Kadının yaş grubu:30-34 ve Kadının eğitim durumu:İlkokul,2015,4776
Kadının yaş grubu:30-34 ve Kadının eğitim durumu:İlkokul,2016,3749
Kadının yaş grubu:30-34 ve Kadının eğitim durumu:İlkokul,2017,2849
Kadının yaş grubu:30-34 ve Kadının eğitim durumu:İlkokul,2018,1898
Kadının yaş grubu:30-34 ve Kadının eğitim durumu:İlkokul,2019,1115
Kadının yaş grubu:30-34 ve Kadının eğitim durumu:İlköğretim,2009,432
Kadının yaş grubu:30-34 ve Kadının eğitim durumu:İlköğretim,2010,933
Kadının yaş grubu:30-34 ve Kadının eğitim durumu:İlköğretim,2011,2455
Kadının yaş grubu:30-34 ve Kadının eğitim durumu:İlköğretim,2012,2890
Kadının yaş grubu:30-34 ve Kadının eğitim durumu:İlköğretim,2013,2898
Kadının yaş grubu:30-34 ve Kadının eğitim durumu:İlköğretim,2014,3166
Kadının yaş grubu:30-34 ve Kadının eğitim durumu:İlköğretim,2015,2187
Kadının yaş grubu:30-34 ve Kadının eğitim durumu:İlköğretim,2016,2180
Kadının yaş grubu:30-34 ve Kadının eğitim durumu:İlköğretim,2017,2663
Kadının yaş grubu:30-34 ve Kadının eğitim durumu:İlköğretim,2018,3184
Kadının yaş grubu:30-34 ve Kadının eğitim durumu:İlköğretim,2019,2742
Kadının yaş grubu:35-39 ve Kadının eğitim durumu:Bilinmeyen,2009,1374
Kadının yaş grubu:35-39 ve Kadının eğitim durumu:Bilinmeyen,2010,1130
Kadının yaş grubu:35-39 ve Kadının eğitim durumu:Bilinmeyen,2011,880
Kadının yaş grubu:35-39 ve Kadının eğitim durumu:Bilinmeyen,2012,857
Kadının yaş grubu:35-39 ve Kadının eğitim durumu:Bilinmeyen,2013,826
Kadının yaş grubu:35-39 ve Kadının eğitim durumu:Bilinmeyen,2014,841
Kadının yaş grubu:35-39 ve Kadının eğitim durumu:Bilinmeyen,2015,259
Kadının yaş grubu:35-39 ve Kadının eğitim durumu:Bilinmeyen,2016,208
Kadının yaş grubu:35-39 ve Kadının eğitim durumu:Bilinmeyen,2017,229
Kadının yaş grubu:35-39 ve Kadının eğitim durumu:Bilinmeyen,2018,215
Kadının yaş grubu:35-39 ve Kadının eğitim durumu:Bilinmeyen,2019,220
Kadının yaş grubu:35-39 ve Kadının eğitim durumu:Lise Ve Dengi Meslek Okulu,2009,1968
Kadının yaş grubu:35-39 ve Kadının eğitim durumu:Lise Ve Dengi Meslek Okulu,2010,2109
Kadının yaş grubu:35-39 ve Kadının eğitim durumu:Lise Ve Dengi Meslek Okulu,2011,2238
Kadının yaş grubu:35-39 ve Kadının eğitim durumu:Lise Ve Dengi Meslek Okulu,2012,2519
Kadının yaş grubu:35-39 ve Kadının eğitim durumu:Lise Ve Dengi Meslek Okulu,2013,2870
Kadının yaş grubu:35-39 ve Kadının eğitim durumu:Lise Ve Dengi Meslek Okulu,2014,3139
Kadının yaş grubu:35-39 ve Kadının eğitim durumu:Lise Ve Dengi Meslek Okulu,2015,2783
Kadının yaş grubu:35-39 ve Kadının eğitim durumu:Lise Ve Dengi Meslek Okulu,2016,3096
Kadının yaş grubu:35-39 ve Kadının eğitim durumu:Lise Ve Dengi Meslek Okulu,2017,2905
Kadının yaş grubu:35-39 ve Kadının eğitim durumu:Lise Ve Dengi Meslek Okulu,2018,2770
Kadının yaş grubu:35-39 ve Kadının eğitim durumu:Lise Ve Dengi Meslek Okulu,2019,2575
Kadının yaş grubu:35-39 ve Kadının eğitim durumu:Okuma Yazma Bilen Fakat Bir Okul Bitirmeyen,2009,532
Kadının yaş grubu:35-39 ve Kadının eğitim durumu:Okuma Yazma Bilen Fakat Bir Okul Bitirmeyen,2010,526
Kadının yaş grubu:35-39 ve Kadının eğitim durumu:Okuma Yazma Bilen Fakat Bir Okul Bitirmeyen,2011,457
Kadının yaş grubu:35-39 ve Kadının eğitim durumu:Okuma Yazma Bilen Fakat Bir Okul Bitirmeyen,2012,451
Kadının yaş grubu:35-39 ve Kadının eğitim durumu:Okuma Yazma Bilen Fakat Bir Okul Bitirmeyen,2013,415
Kadının yaş grubu:35-39 ve Kadının eğitim durumu:Okuma Yazma Bilen Fakat Bir Okul Bitirmeyen,2014,431
Kadının yaş grubu:35-39 ve Kadının eğitim durumu:Okuma Yazma Bilen Fakat Bir Okul Bitirmeyen,2015,536
Kadının yaş grubu:35-39 ve Kadının eğitim durumu:Okuma Yazma Bilen Fakat Bir Okul Bitirmeyen,2016,509
Kadının yaş grubu:35-39 ve Kadının eğitim durumu:Okuma Yazma Bilen Fakat Bir Okul Bitirmeyen,2017,486
Kadının yaş grubu:35-39 ve Kadının eğitim durumu:Okuma Yazma Bilen Fakat Bir Okul Bitirmeyen,2018,480
Kadının yaş grubu:35-39 ve Kadının eğitim durumu:Okuma Yazma Bilen Fakat Bir Okul Bitirmeyen,2019,356
Kadının yaş grubu:35-39 ve Kadının eğitim durumu:Okuma Yazma Bilmeyen,2009,895
Kadının yaş grubu:35-39 ve Kadının eğitim durumu:Okuma Yazma Bilmeyen,2010,667
Kadının yaş grubu:35-39 ve Kadının eğitim durumu:Okuma Yazma Bilmeyen,2011,595
Kadının yaş grubu:35-39 ve Kadının eğitim durumu:Okuma Yazma Bilmeyen,2012,571
Kadının yaş grubu:35-39 ve Kadının eğitim durumu:Okuma Yazma Bilmeyen,2013,465
Kadının yaş grubu:35-39 ve Kadının eğitim durumu:Okuma Yazma Bilmeyen,2014,472
Kadının yaş grubu:35-39 ve Kadının eğitim durumu:Okuma Yazma Bilmeyen,2015,382
Kadının yaş grubu:35-39 ve Kadının eğitim durumu:Okuma Yazma Bilmeyen,2016,364
Kadının yaş grubu:35-39 ve Kadının eğitim durumu:Okuma Yazma Bilmeyen,2017,321
Kadının yaş grubu:35-39 ve Kadının eğitim durumu:Okuma Yazma Bilmeyen,2018,331
Kadının yaş grubu:35-39 ve Kadının eğitim durumu:Okuma Yazma Bilmeyen,2019,238
Kadının yaş grubu:35-39 ve Kadının eğitim durumu:Ortaokul Veya Dengi Meslek Ortaokul,2009,508
Kadının yaş grubu:35-39 ve Kadının eğitim durumu:Ortaokul Veya Dengi Meslek Ortaokul,2010,481
Kadının yaş grubu:35-39 ve Kadının eğitim durumu:Ortaokul Veya Dengi Meslek Ortaokul,2011,488
Kadının yaş grubu:35-39 ve Kadının eğitim durumu:Ortaokul Veya Dengi Meslek Ortaokul,2012,487
Kadının yaş grubu:35-39 ve Kadının eğitim durumu:Ortaokul Veya Dengi Meslek Ortaokul,2013,451
Kadının yaş grubu:35-39 ve Kadının eğitim durumu:Ortaokul Veya Dengi Meslek Ortaokul,2014,436
Kadının yaş grubu:35-39 ve Kadının eğitim durumu:Ortaokul Veya Dengi Meslek Ortaokul,2015,752
Kadının yaş grubu:35-39 ve Kadının eğitim durumu:Ortaokul Veya Dengi Meslek Ortaokul,2016,783
Kadının yaş grubu:35-39 ve Kadının eğitim durumu:Ortaokul Veya Dengi Meslek Ortaokul,2017,814
Kadının yaş grubu:35-39 ve Kadının eğitim durumu:Ortaokul Veya Dengi Meslek Ortaokul,2018,745
Kadının yaş grubu:35-39 ve Kadının eğitim durumu:Ortaokul Veya Dengi Meslek Ortaokul,2019,807
Kadının yaş grubu:35-39 ve Kadının eğitim durumu:Yüksek Öğretim,2009,1824
Kadının yaş grubu:35-39 ve Kadının eğitim durumu:Yüksek Öğretim,2010,2066
Kadının yaş grubu:35-39 ve Kadının eğitim durumu:Yüksek Öğretim,2011,2461
Kadının yaş grubu:35-39 ve Kadının eğitim durumu:Yüksek Öğretim,2012,2706
Kadının yaş grubu:35-39 ve Kadının eğitim durumu:Yüksek Öğretim,2013,2982
Kadının yaş grubu:35-39 ve Kadının eğitim durumu:Yüksek Öğretim,2014,3160
Kadının yaş grubu:35-39 ve Kadının eğitim durumu:Yüksek Öğretim,2015,4988
Kadının yaş grubu:35-39 ve Kadının eğitim durumu:Yüksek Öğretim,2016,5715
Kadının yaş grubu:35-39 ve Kadının eğitim durumu:Yüksek Öğretim,2017,5739
Kadının yaş grubu:35-39 ve Kadının eğitim durumu:Yüksek Öğretim,2018,5748
Kadının yaş grubu:35-39 ve Kadının eğitim durumu:Yüksek Öğretim,2019,5855
Kadının yaş grubu:35-39 ve Kadının eğitim durumu:İlkokul,2009,3359
Kadının yaş grubu:35-39 ve Kadının eğitim durumu:İlkokul,2010,3262
Kadının yaş grubu:35-39 ve Kadının eğitim durumu:İlkokul,2011,2998
Kadının yaş grubu:35-39 ve Kadının eğitim durumu:İlkokul,2012,3010
Kadının yaş grubu:35-39 ve Kadının eğitim durumu:İlkokul,2013,2929
Kadının yaş grubu:35-39 ve Kadının eğitim durumu:İlkokul,2014,2758
Kadının yaş grubu:35-39 ve Kadının eğitim durumu:İlkokul,2015,2493
Kadının yaş grubu:35-39 ve Kadının eğitim durumu:İlkokul,2016,2434
Kadının yaş grubu:35-39 ve Kadının eğitim durumu:İlkokul,2017,1953
Kadının yaş grubu:35-39 ve Kadının eğitim durumu:İlkokul,2018,1693
Kadının yaş grubu:35-39 ve Kadının eğitim durumu:İlkokul,2019,1307
Kadının yaş grubu:35-39 ve Kadının eğitim durumu:İlköğretim,2009,101
Kadının yaş grubu:35-39 ve Kadının eğitim durumu:İlköğretim,2010,194
Kadının yaş grubu:35-39 ve Kadının eğitim durumu:İlköğretim,2011,743
Kadının yaş grubu:35-39 ve Kadının eğitim durumu:İlköğretim,2012,835
Kadının yaş grubu:35-39 ve Kadının eğitim durumu:İlköğretim,2013,791
Kadının yaş grubu:35-39 ve Kadının eğitim durumu:İlköğretim,2014,864
Kadının yaş grubu:35-39 ve Kadının eğitim durumu:İlköğretim,2015,786
Kadının yaş grubu:35-39 ve Kadının eğitim durumu:İlköğretim,2016,775
Kadının yaş grubu:35-39 ve Kadının eğitim durumu:İlköğretim,2017,704
Kadının yaş grubu:35-39 ve Kadının eğitim durumu:İlköğretim,2018,746
Kadının yaş grubu:35-39 ve Kadının eğitim durumu:İlköğretim,2019,656
Kadının yaş grubu:40-44 ve Kadının eğitim durumu:Bilinmeyen,2009,483
Kadının yaş grubu:40-44 ve Kadının eğitim durumu:Bilinmeyen,2010,426
Kadının yaş grubu:40-44 ve Kadının eğitim durumu:Bilinmeyen,2011,320
Kadının yaş grubu:40-44 ve Kadının eğitim durumu:Bilinmeyen,2012,395
Kadının yaş grubu:40-44 ve Kadının eğitim durumu:Bilinmeyen,2013,337
Kadının yaş grubu:40-44 ve Kadının eğitim durumu:Bilinmeyen,2014,390
Kadının yaş grubu:40-44 ve Kadının eğitim durumu:Bilinmeyen,2015,119
Kadının yaş grubu:40-44 ve Kadının eğitim durumu:Bilinmeyen,2016,81
Kadının yaş grubu:40-44 ve Kadının eğitim durumu:Bilinmeyen,2017,85
Kadının yaş grubu:40-44 ve Kadının eğitim durumu:Bilinmeyen,2018,95
Kadının yaş grubu:40-44 ve Kadının eğitim durumu:Bilinmeyen,2019,97
Kadının yaş grubu:40-44 ve Kadının eğitim durumu:Lise Ve Dengi Meslek Okulu,2009,568
Kadının yaş grubu:40-44 ve Kadının eğitim durumu:Lise Ve Dengi Meslek Okulu,2010,632
Kadının yaş grubu:40-44 ve Kadının eğitim durumu:Lise Ve Dengi Meslek Okulu,2011,712
Kadının yaş grubu:40-44 ve Kadının eğitim durumu:Lise Ve Dengi Meslek Okulu,2012,804
Kadının yaş grubu:40-44 ve Kadının eğitim durumu:Lise Ve Dengi Meslek Okulu,2013,946
Kadının yaş grubu:40-44 ve Kadının eğitim durumu:Lise Ve Dengi Meslek Okulu,2014,1070
Kadının yaş grubu:40-44 ve Kadının eğitim durumu:Lise Ve Dengi Meslek Okulu,2015,1068
Kadının yaş grubu:40-44 ve Kadının eğitim durumu:Lise Ve Dengi Meslek Okulu,2016,1087
Kadının yaş grubu:40-44 ve Kadının eğitim durumu:Lise Ve Dengi Meslek Okulu,2017,1262
Kadının yaş grubu:40-44 ve Kadının eğitim durumu:Lise Ve Dengi Meslek Okulu,2018,1113
Kadının yaş grubu:40-44 ve Kadının eğitim durumu:Lise Ve Dengi Meslek Okulu,2019,1196
Kadının yaş grubu:40-44 ve Kadının eğitim durumu:Okuma Yazma Bilen Fakat Bir Okul Bitirmeyen,2009,162
Kadının yaş grubu:40-44 ve Kadının eğitim durumu:Okuma Yazma Bilen Fakat Bir Okul Bitirmeyen,2010,188
Kadının yaş grubu:40-44 ve Kadının eğitim durumu:Okuma Yazma Bilen Fakat Bir Okul Bitirmeyen,2011,160
Kadının yaş grubu:40-44 ve Kadının eğitim durumu:Okuma Yazma Bilen Fakat Bir Okul Bitirmeyen,2012,195
Kadının yaş grubu:40-44 ve Kadının eğitim durumu:Okuma Yazma Bilen Fakat Bir Okul Bitirmeyen,2013,223
Kadının yaş grubu:40-44 ve Kadının eğitim durumu:Okuma Yazma Bilen Fakat Bir Okul Bitirmeyen,2014,237
Kadının yaş grubu:40-44 ve Kadının eğitim durumu:Okuma Yazma Bilen Fakat Bir Okul Bitirmeyen,2015,273
Kadının yaş grubu:40-44 ve Kadının eğitim durumu:Okuma Yazma Bilen Fakat Bir Okul Bitirmeyen,2016,252
Kadının yaş grubu:40-44 ve Kadının eğitim durumu:Okuma Yazma Bilen Fakat Bir Okul Bitirmeyen,2017,215
Kadının yaş grubu:40-44 ve Kadının eğitim durumu:Okuma Yazma Bilen Fakat Bir Okul Bitirmeyen,2018,179
Kadının yaş grubu:40-44 ve Kadının eğitim durumu:Okuma Yazma Bilen Fakat Bir Okul Bitirmeyen,2019,161
Kadının yaş grubu:40-44 ve Kadının eğitim durumu:Okuma Yazma Bilmeyen,2009,397
Kadının yaş grubu:40-44 ve Kadının eğitim durumu:Okuma Yazma Bilmeyen,2010,335
Kadının yaş grubu:40-44 ve Kadının eğitim durumu:Okuma Yazma Bilmeyen,2011,247
Kadının yaş grubu:40-44 ve Kadının eğitim durumu:Okuma Yazma Bilmeyen,2012,274
Kadının yaş grubu:40-44 ve Kadının eğitim durumu:Okuma Yazma Bilmeyen,2013,265
Kadının yaş grubu:40-44 ve Kadının eğitim durumu:Okuma Yazma Bilmeyen,2014,247
Kadının yaş grubu:40-44 ve Kadının eğitim durumu:Okuma Yazma Bilmeyen,2015,188
Kadının yaş grubu:40-44 ve Kadının eğitim durumu:Okuma Yazma Bilmeyen,2016,187
Kadının yaş grubu:40-44 ve Kadının eğitim durumu:Okuma Yazma Bilmeyen,2017,158
Kadının yaş grubu:40-44 ve Kadının eğitim durumu:Okuma Yazma Bilmeyen,2018,135
Kadının yaş grubu:40-44 ve Kadının eğitim durumu:Okuma Yazma Bilmeyen,2019,148
Kadının yaş grubu:40-44 ve Kadının eğitim durumu:Ortaokul Veya Dengi Meslek Ortaokul,2009,178
Kadının yaş grubu:40-44 ve Kadının eğitim durumu:Ortaokul Veya Dengi Meslek Ortaokul,2010,200
Kadının yaş grubu:40-44 ve Kadının eğitim durumu:Ortaokul Veya Dengi Meslek Ortaokul,2011,209
Kadının yaş grubu:40-44 ve Kadının eğitim durumu:Ortaokul Veya Dengi Meslek Ortaokul,2012,222
Kadının yaş grubu:40-44 ve Kadının eğitim durumu:Ortaokul Veya Dengi Meslek Ortaokul,2013,242
Kadının yaş grubu:40-44 ve Kadının eğitim durumu:Ortaokul Veya Dengi Meslek Ortaokul,2014,278
Kadının yaş grubu:40-44 ve Kadının eğitim durumu:Ortaokul Veya Dengi Meslek Ortaokul,2015,342
Kadının yaş grubu:40-44 ve Kadının eğitim durumu:Ortaokul Veya Dengi Meslek Ortaokul,2016,367
Kadının yaş grubu:40-44 ve Kadının eğitim durumu:Ortaokul Veya Dengi Meslek Ortaokul,2017,356
Kadının yaş grubu:40-44 ve Kadının eğitim durumu:Ortaokul Veya Dengi Meslek Ortaokul,2018,339
Kadının yaş grubu:40-44 ve Kadının eğitim durumu:Ortaokul Veya Dengi Meslek Ortaokul,2019,371
Kadının yaş grubu:40-44 ve Kadının eğitim durumu:Yüksek Öğretim,2009,514
Kadının yaş grubu:40-44 ve Kadının eğitim durumu:Yüksek Öğretim,2010,571
Kadının yaş grubu:40-44 ve Kadının eğitim durumu:Yüksek Öğretim,2011,656
Kadının yaş grubu:40-44 ve Kadının eğitim durumu:Yüksek Öğretim,2012,747
Kadının yaş grubu:40-44 ve Kadının eğitim durumu:Yüksek Öğretim,2013,834
Kadının yaş grubu:40-44 ve Kadının eğitim durumu:Yüksek Öğretim,2014,948
Kadının yaş grubu:40-44 ve Kadının eğitim durumu:Yüksek Öğretim,2015,1351
Kadının yaş grubu:40-44 ve Kadının eğitim durumu:Yüksek Öğretim,2016,1519
Kadının yaş grubu:40-44 ve Kadının eğitim durumu:Yüksek Öğretim,2017,1640
Kadının yaş grubu:40-44 ve Kadının eğitim durumu:Yüksek Öğretim,2018,1731
Kadının yaş grubu:40-44 ve Kadının eğitim durumu:Yüksek Öğretim,2019,1840
Kadının yaş grubu:40-44 ve Kadının eğitim durumu:İlkokul,2009,1169
Kadının yaş grubu:40-44 ve Kadının eğitim durumu:İlkokul,2010,1128
Kadının yaş grubu:40-44 ve Kadının eğitim durumu:İlkokul,2011,1173
Kadının yaş grubu:40-44 ve Kadının eğitim durumu:İlkokul,2012,1292
Kadının yaş grubu:40-44 ve Kadının eğitim durumu:İlkokul,2013,1328
Kadının yaş grubu:40-44 ve Kadının eğitim durumu:İlkokul,2014,1415
Kadının yaş grubu:40-44 ve Kadının eğitim durumu:İlkokul,2015,1404
Kadının yaş grubu:40-44 ve Kadının eğitim durumu:İlkokul,2016,1179
Kadının yaş grubu:40-44 ve Kadının eğitim durumu:İlkokul,2017,1139
Kadının yaş grubu:40-44 ve Kadının eğitim durumu:İlkokul,2018,933
Kadının yaş grubu:40-44 ve Kadının eğitim durumu:İlkokul,2019,811
Kadının yaş grubu:40-44 ve Kadının eğitim durumu:İlköğretim,2009,7
Kadının yaş grubu:40-44 ve Kadının eğitim durumu:İlköğretim,2010,62
Kadının yaş grubu:40-44 ve Kadının eğitim durumu:İlköğretim,2011,223
Kadının yaş grubu:40-44 ve Kadının eğitim durumu:İlköğretim,2012,305
Kadının yaş grubu:40-44 ve Kadının eğitim durumu:İlköğretim,2013,318
Kadının yaş grubu:40-44 ve Kadının eğitim durumu:İlköğretim,2014,362
Kadının yaş grubu:40-44 ve Kadının eğitim durumu:İlköğretim,2015,349
Kadının yaş grubu:40-44 ve Kadının eğitim durumu:İlköğretim,2016,346
Kadının yaş grubu:40-44 ve Kadının eğitim durumu:İlköğretim,2017,309
Kadının yaş grubu:40-44 ve Kadının eğitim durumu:İlköğretim,2018,342
Kadının yaş grubu:40-44 ve Kadının eğitim durumu:İlköğretim,2019,290
Kadının yaş grubu:45-49 ve Kadının eğitim durumu:Bilinmeyen,2009,223
Kadının yaş grubu:45-49 ve Kadının eğitim durumu:Bilinmeyen,2010,207
Kadının yaş grubu:45-49 ve Kadının eğitim durumu:Bilinmeyen,2011,187
Kadının yaş grubu:45-49 ve Kadının eğitim durumu:Bilinmeyen,2012,227
Kadının yaş grubu:45-49 ve Kadının eğitim durumu:Bilinmeyen,2013,187
Kadının yaş grubu:45-49 ve Kadının eğitim durumu:Bilinmeyen,2014,163
Kadının yaş grubu:45-49 ve Kadının eğitim durumu:Bilinmeyen,2015,54
Kadının yaş grubu:45-49 ve Kadının eğitim durumu:Bilinmeyen,2016,47
Kadının yaş grubu:45-49 ve Kadının eğitim durumu:Bilinmeyen,2017,52
Kadının yaş grubu:45-49 ve Kadının eğitim durumu:Bilinmeyen,2018,39
Kadının yaş grubu:45-49 ve Kadının eğitim durumu:Bilinmeyen,2019,41
Kadının yaş grubu:45-49 ve Kadının eğitim durumu:Lise Ve Dengi Meslek Okulu,2009,256
Kadının yaş grubu:45-49 ve Kadının eğitim durumu:Lise Ve Dengi Meslek Okulu,2010,277
Kadının yaş grubu:45-49 ve Kadının eğitim durumu:Lise Ve Dengi Meslek Okulu,2011,304
Kadının yaş grubu:45-49 ve Kadının eğitim durumu:Lise Ve Dengi Meslek Okulu,2012,341
Kadının yaş grubu:45-49 ve Kadının eğitim durumu:Lise Ve Dengi Meslek Okulu,2013,322
Kadının yaş grubu:45-49 ve Kadının eğitim durumu:Lise Ve Dengi Meslek Okulu,2014,361
Kadının yaş grubu:45-49 ve Kadının eğitim durumu:Lise Ve Dengi Meslek Okulu,2015,363
Kadının yaş grubu:45-49 ve Kadının eğitim durumu:Lise Ve Dengi Meslek Okulu,2016,369
Kadının yaş grubu:45-49 ve Kadının eğitim durumu:Lise Ve Dengi Meslek Okulu,2017,455
Kadının yaş grubu:45-49 ve Kadının eğitim durumu:Lise Ve Dengi Meslek Okulu,2018,489
Kadının yaş grubu:45-49 ve Kadının eğitim durumu:Lise Ve Dengi Meslek Okulu,2019,538
Kadının yaş grubu:45-49 ve Kadının eğitim durumu:Okuma Yazma Bilen Fakat Bir Okul Bitirmeyen,2009,87
Kadının yaş grubu:45-49 ve Kadının eğitim durumu:Okuma Yazma Bilen Fakat Bir Okul Bitirmeyen,2010,83
Kadının yaş grubu:45-49 ve Kadının eğitim durumu:Okuma Yazma Bilen Fakat Bir Okul Bitirmeyen,2011,126
Kadının yaş grubu:45-49 ve Kadının eğitim durumu:Okuma Yazma Bilen Fakat Bir Okul Bitirmeyen,2012,134
Kadının yaş grubu:45-49 ve Kadının eğitim durumu:Okuma Yazma Bilen Fakat Bir Okul Bitirmeyen,2013,89
Kadının yaş grubu:45-49 ve Kadının eğitim durumu:Okuma Yazma Bilen Fakat Bir Okul Bitirmeyen,2014,106
Kadının yaş grubu:45-49 ve Kadının eğitim durumu:Okuma Yazma Bilen Fakat Bir Okul Bitirmeyen,2015,125
Kadının yaş grubu:45-49 ve Kadının eğitim durumu:Okuma Yazma Bilen Fakat Bir Okul Bitirmeyen,2016,112
Kadının yaş grubu:45-49 ve Kadının eğitim durumu:Okuma Yazma Bilen Fakat Bir Okul Bitirmeyen,2017,97
Kadının yaş grubu:45-49 ve Kadının eğitim durumu:Okuma Yazma Bilen Fakat Bir Okul Bitirmeyen,2018,121
Kadının yaş grubu:45-49 ve Kadının eğitim durumu:Okuma Yazma Bilen Fakat Bir Okul Bitirmeyen,2019,103
Kadının yaş grubu:45-49 ve Kadının eğitim durumu:Okuma Yazma Bilmeyen,2009,230
Kadının yaş grubu:45-49 ve Kadının eğitim durumu:Okuma Yazma Bilmeyen,2010,177
Kadının yaş grubu:45-49 ve Kadının eğitim durumu:Okuma Yazma Bilmeyen,2011,196
Kadının yaş grubu:45-49 ve Kadının eğitim durumu:Okuma Yazma Bilmeyen,2012,202
Kadının yaş grubu:45-49 ve Kadının eğitim durumu:Okuma Yazma Bilmeyen,2013,152
Kadının yaş grubu:45-49 ve Kadının eğitim durumu:Okuma Yazma Bilmeyen,2014,126
Kadının yaş grubu:45-49 ve Kadının eğitim durumu:Okuma Yazma Bilmeyen,2015,111
Kadının yaş grubu:45-49 ve Kadının eğitim durumu:Okuma Yazma Bilmeyen,2016,100
Kadının yaş grubu:45-49 ve Kadının eğitim durumu:Okuma Yazma Bilmeyen,2017,116
Kadının yaş grubu:45-49 ve Kadının eğitim durumu:Okuma Yazma Bilmeyen,2018,107
Kadının yaş grubu:45-49 ve Kadının eğitim durumu:Okuma Yazma Bilmeyen,2019,82
Kadının yaş grubu:45-49 ve Kadının eğitim durumu:Ortaokul Veya Dengi Meslek Ortaokul,2009,64
Kadının yaş grubu:45-49 ve Kadının eğitim durumu:Ortaokul Veya Dengi Meslek Ortaokul,2010,71
Kadının yaş grubu:45-49 ve Kadının eğitim durumu:Ortaokul Veya Dengi Meslek Ortaokul,2011,98
Kadının yaş grubu:45-49 ve Kadının eğitim durumu:Ortaokul Veya Dengi Meslek Ortaokul,2012,109
Kadının yaş grubu:45-49 ve Kadının eğitim durumu:Ortaokul Veya Dengi Meslek Ortaokul,2013,111
Kadının yaş grubu:45-49 ve Kadının eğitim durumu:Ortaokul Veya Dengi Meslek Ortaokul,2014,102
Kadının yaş grubu:45-49 ve Kadının eğitim durumu:Ortaokul Veya Dengi Meslek Ortaokul,2015,134
Kadının yaş grubu:45-49 ve Kadının eğitim durumu:Ortaokul Veya Dengi Meslek Ortaokul,2016,128
Kadının yaş grubu:45-49 ve Kadının eğitim durumu:Ortaokul Veya Dengi Meslek Ortaokul,2017,163
Kadının yaş grubu:45-49 ve Kadının eğitim durumu:Ortaokul Veya Dengi Meslek Ortaokul,2018,180
Kadının yaş grubu:45-49 ve Kadının eğitim durumu:Ortaokul Veya Dengi Meslek Ortaokul,2019,198
Kadının yaş grubu:45-49 ve Kadının eğitim durumu:Yüksek Öğretim,2009,165
Kadının yaş grubu:45-49 ve Kadının eğitim durumu:Yüksek Öğretim,2010,212
Kadının yaş grubu:45-49 ve Kadının eğitim durumu:Yüksek Öğretim,2011,225
Kadının yaş grubu:45-49 ve Kadının eğitim durumu:Yüksek Öğretim,2012,230
Kadının yaş grubu:45-49 ve Kadının eğitim durumu:Yüksek Öğretim,2013,266
Kadının yaş grubu:45-49 ve Kadının eğitim durumu:Yüksek Öğretim,2014,299
Kadının yaş grubu:45-49 ve Kadının eğitim durumu:Yüksek Öğretim,2015,362
Kadının yaş grubu:45-49 ve Kadının eğitim durumu:Yüksek Öğretim,2016,473
Kadının yaş grubu:45-49 ve Kadının eğitim durumu:Yüksek Öğretim,2017,429
Kadının yaş grubu:45-49 ve Kadının eğitim durumu:Yüksek Öğretim,2018,502
Kadının yaş grubu:45-49 ve Kadının eğitim durumu:Yüksek Öğretim,2019,530
Kadının yaş grubu:45-49 ve Kadının eğitim durumu:İlkokul,2009,417
Kadının yaş grubu:45-49 ve Kadının eğitim durumu:İlkokul,2010,544
Kadının yaş grubu:45-49 ve Kadının eğitim durumu:İlkokul,2011,583
Kadının yaş grubu:45-49 ve Kadının eğitim durumu:İlkokul,2012,616
Kadının yaş grubu:45-49 ve Kadının eğitim durumu:İlkokul,2013,583
Kadının yaş grubu:45-49 ve Kadının eğitim durumu:İlkokul,2014,610
Kadının yaş grubu:45-49 ve Kadının eğitim durumu:İlkokul,2015,593
Kadının yaş grubu:45-49 ve Kadının eğitim durumu:İlkokul,2016,560
Kadının yaş grubu:45-49 ve Kadının eğitim durumu:İlkokul,2017,586
Kadının yaş grubu:45-49 ve Kadının eğitim durumu:İlkokul,2018,595
Kadının yaş grubu:45-49 ve Kadının eğitim durumu:İlkokul,2019,552
Kadının yaş grubu:45-49 ve Kadının eğitim durumu:İlköğretim,2009,3
Kadının yaş grubu:45-49 ve Kadının eğitim durumu:İlköğretim,2010,18
Kadının yaş grubu:45-49 ve Kadının eğitim durumu:İlköğretim,2011,100
Kadının yaş grubu:45-49 ve Kadının eğitim durumu:İlköğretim,2012,97
Kadının yaş grubu:45-49 ve Kadının eğitim durumu:İlköğretim,2013,88
Kadının yaş grubu:45-49 ve Kadının eğitim durumu:İlköğretim,2014,104
Kadının yaş grubu:45-49 ve Kadının eğitim durumu:İlköğretim,2015,124
Kadının yaş grubu:45-49 ve Kadının eğitim durumu:İlköğretim,2016,133
Kadının yaş grubu:45-49 ve Kadının eğitim durumu:İlköğretim,2017,139
Kadının yaş grubu:45-49 ve Kadının eğitim durumu:İlköğretim,2018,152
Kadının yaş grubu:45-49 ve Kadının eğitim durumu:İlköğretim,2019,151
Kadının yaş grubu:50-54 ve Kadının eğitim durumu:Bilinmeyen,2009,106
Kadının yaş grubu:50-54 ve Kadının eğitim durumu:Bilinmeyen,2010,109
Kadının yaş grubu:50-54 ve Kadının eğitim durumu:Bilinmeyen,2011,90
Kadının yaş grubu:50-54 ve Kadının eğitim durumu:Bilinmeyen,2012,113
Kadının yaş grubu:50-54 ve Kadının eğitim durumu:Bilinmeyen,2013,96
Kadının yaş grubu:50-54 ve Kadının eğitim durumu:Bilinmeyen,2014,91
Kadının yaş grubu:50-54 ve Kadının eğitim durumu:Bilinmeyen,2015,35
Kadının yaş grubu:50-54 ve Kadının eğitim durumu:Bilinmeyen,2016,25
Kadının yaş grubu:50-54 ve Kadının eğitim durumu:Bilinmeyen,2017,26
Kadının yaş grubu:50-54 ve Kadının eğitim durumu:Bilinmeyen,2018,26
Kadının yaş grubu:50-54 ve Kadının eğitim durumu:Bilinmeyen,2019,20
Kadının yaş grubu:50-54 ve Kadının eğitim durumu:Lise Ve Dengi Meslek Okulu,2009,63
Kadının yaş grubu:50-54 ve Kadının eğitim durumu:Lise Ve Dengi Meslek Okulu,2010,79
Kadının yaş grubu:50-54 ve Kadının eğitim durumu:Lise Ve Dengi Meslek Okulu,2011,80
Kadının yaş grubu:50-54 ve Kadının eğitim durumu:Lise Ve Dengi Meslek Okulu,2012,99
Kadının yaş grubu:50-54 ve Kadının eğitim durumu:Lise Ve Dengi Meslek Okulu,2013,118
Kadının yaş grubu:50-54 ve Kadının eğitim durumu:Lise Ve Dengi Meslek Okulu,2014,124
Kadının yaş grubu:50-54 ve Kadının eğitim durumu:Lise Ve Dengi Meslek Okulu,2015,151
Kadının yaş grubu:50-54 ve Kadının eğitim durumu:Lise Ve Dengi Meslek Okulu,2016,176
Kadının yaş grubu:50-54 ve Kadının eğitim durumu:Lise Ve Dengi Meslek Okulu,2017,157
Kadının yaş grubu:50-54 ve Kadının eğitim durumu:Lise Ve Dengi Meslek Okulu,2018,165
Kadının yaş grubu:50-54 ve Kadının eğitim durumu:Lise Ve Dengi Meslek Okulu,2019,173
Kadının yaş grubu:50-54 ve Kadının eğitim durumu:Okuma Yazma Bilen Fakat Bir Okul Bitirmeyen,2009,37
Kadının yaş grubu:50-54 ve Kadının eğitim durumu:Okuma Yazma Bilen Fakat Bir Okul Bitirmeyen,2010,28
Kadının yaş grubu:50-54 ve Kadının eğitim durumu:Okuma Yazma Bilen Fakat Bir Okul Bitirmeyen,2011,45
Kadının yaş grubu:50-54 ve Kadının eğitim durumu:Okuma Yazma Bilen Fakat Bir Okul Bitirmeyen,2012,42
Kadının yaş grubu:50-54 ve Kadının eğitim durumu:Okuma Yazma Bilen Fakat Bir Okul Bitirmeyen,2013,47
Kadının yaş grubu:50-54 ve Kadının eğitim durumu:Okuma Yazma Bilen Fakat Bir Okul Bitirmeyen,2014,53
Kadının yaş grubu:50-54 ve Kadının eğitim durumu:Okuma Yazma Bilen Fakat Bir Okul Bitirmeyen,2015,81
Kadının yaş grubu:50-54 ve Kadının eğitim durumu:Okuma Yazma Bilen Fakat Bir Okul Bitirmeyen,2016,78
Kadının yaş grubu:50-54 ve Kadının eğitim durumu:Okuma Yazma Bilen Fakat Bir Okul Bitirmeyen,2017,72
Kadının yaş grubu:50-54 ve Kadının eğitim durumu:Okuma Yazma Bilen Fakat Bir Okul Bitirmeyen,2018,70
Kadının yaş grubu:50-54 ve Kadının eğitim durumu:Okuma Yazma Bilen Fakat Bir Okul Bitirmeyen,2019,66
Kadının yaş grubu:50-54 ve Kadının eğitim durumu:Okuma Yazma Bilmeyen,2009,137
Kadının yaş grubu:50-54 ve Kadının eğitim durumu:Okuma Yazma Bilmeyen,2010,91
Kadının yaş grubu:50-54 ve Kadının eğitim durumu:Okuma Yazma Bilmeyen,2011,89
Kadının yaş grubu:50-54 ve Kadının eğitim durumu:Okuma Yazma Bilmeyen,2012,138
Kadının yaş grubu:50-54 ve Kadının eğitim durumu:Okuma Yazma Bilmeyen,2013,95
Kadının yaş grubu:50-54 ve Kadının eğitim durumu:Okuma Yazma Bilmeyen,2014,117
Kadının yaş grubu:50-54 ve Kadının eğitim durumu:Okuma Yazma Bilmeyen,2015,80
Kadının yaş grubu:50-54 ve Kadının eğitim durumu:Okuma Yazma Bilmeyen,2016,90
Kadının yaş grubu:50-54 ve Kadının eğitim durumu:Okuma Yazma Bilmeyen,2017,73
Kadının yaş grubu:50-54 ve Kadının eğitim durumu:Okuma Yazma Bilmeyen,2018,73
Kadının yaş grubu:50-54 ve Kadının eğitim durumu:Okuma Yazma Bilmeyen,2019,63
Kadının yaş grubu:50-54 ve Kadının eğitim durumu:Ortaokul Veya Dengi Meslek Ortaokul,2009,25
Kadının yaş grubu:50-54 ve Kadının eğitim durumu:Ortaokul Veya Dengi Meslek Ortaokul,2010,26
Kadının yaş grubu:50-54 ve Kadının eğitim durumu:Ortaokul Veya Dengi Meslek Ortaokul,2011,31
Kadının yaş grubu:50-54 ve Kadının eğitim durumu:Ortaokul Veya Dengi Meslek Ortaokul,2012,21
Kadının yaş grubu:50-54 ve Kadının eğitim durumu:Ortaokul Veya Dengi Meslek Ortaokul,2013,35
Kadının yaş grubu:50-54 ve Kadının eğitim durumu:Ortaokul Veya Dengi Meslek Ortaokul,2014,40
Kadının yaş grubu:50-54 ve Kadının eğitim durumu:Ortaokul Veya Dengi Meslek Ortaokul,2015,45
Kadının yaş grubu:50-54 ve Kadının eğitim durumu:Ortaokul Veya Dengi Meslek Ortaokul,2016,70
Kadının yaş grubu:50-54 ve Kadının eğitim durumu:Ortaokul Veya Dengi Meslek Ortaokul,2017,61
Kadının yaş grubu:50-54 ve Kadının eğitim durumu:Ortaokul Veya Dengi Meslek Ortaokul,2018,79
Kadının yaş grubu:50-54 ve Kadının eğitim durumu:Ortaokul Veya Dengi Meslek Ortaokul,2019,65
Kadının yaş grubu:50-54 ve Kadının eğitim durumu:Yüksek Öğretim,2009,50
Kadının yaş grubu:50-54 ve Kadının eğitim durumu:Yüksek Öğretim,2010,64
Kadının yaş grubu:50-54 ve Kadının eğitim durumu:Yüksek Öğretim,2011,73
Kadının yaş grubu:50-54 ve Kadının eğitim durumu:Yüksek Öğretim,2012,77
Kadının yaş grubu:50-54 ve Kadının eğitim durumu:Yüksek Öğretim,2013,91
Kadının yaş grubu:50-54 ve Kadının eğitim durumu:Yüksek Öğretim,2014,86
Kadının yaş grubu:50-54 ve Kadının eğitim durumu:Yüksek Öğretim,2015,132
Kadının yaş grubu:50-54 ve Kadının eğitim durumu:Yüksek Öğretim,2016,139
Kadının yaş grubu:50-54 ve Kadının eğitim durumu:Yüksek Öğretim,2017,141
Kadının yaş grubu:50-54 ve Kadının eğitim durumu:Yüksek Öğretim,2018,153
Kadının yaş grubu:50-54 ve Kadının eğitim durumu:Yüksek Öğretim,2019,143
Kadının yaş grubu:50-54 ve Kadının eğitim durumu:İlkokul,2009,138
Kadının yaş grubu:50-54 ve Kadının eğitim durumu:İlkokul,2010,150
Kadının yaş grubu:50-54 ve Kadının eğitim durumu:İlkokul,2011,155
Kadının yaş grubu:50-54 ve Kadının eğitim durumu:İlkokul,2012,214
Kadının yaş grubu:50-54 ve Kadının eğitim durumu:İlkokul,2013,204
Kadının yaş grubu:50-54 ve Kadının eğitim durumu:İlkokul,2014,234
Kadının yaş grubu:50-54 ve Kadının eğitim durumu:İlkokul,2015,233
Kadının yaş grubu:50-54 ve Kadının eğitim durumu:İlkokul,2016,274
Kadının yaş grubu:50-54 ve Kadının eğitim durumu:İlkokul,2017,231
Kadının yaş grubu:50-54 ve Kadının eğitim durumu:İlkokul,2018,241
Kadının yaş grubu:50-54 ve Kadının eğitim durumu:İlkokul,2019,237
Kadının yaş grubu:50-54 ve Kadının eğitim durumu:İlköğretim,2009,1
Kadının yaş grubu:50-54 ve Kadının eğitim durumu:İlköğretim,2010,4
Kadının yaş grubu:50-54 ve Kadının eğitim durumu:İlköğretim,2011,11
Kadının yaş grubu:50-54 ve Kadının eğitim durumu:İlköğretim,2012,16
Kadının yaş grubu:50-54 ve Kadının eğitim durumu:İlköğretim,2013,23
Kadının yaş grubu:50-54 ve Kadının eğitim durumu:İlköğretim,2014,15
Kadının yaş grubu:50-54 ve Kadının eğitim durumu:İlköğretim,2015,38
Kadının yaş grubu:50-54 ve Kadının eğitim durumu:İlköğretim,2016,46
Kadının yaş grubu:50-54 ve Kadının eğitim durumu:İlköğretim,2017,49
Kadının yaş grubu:50-54 ve Kadının eğitim durumu:İlköğretim,2018,42
Kadının yaş grubu:50-54 ve Kadının eğitim durumu:İlköğretim,2019,61
Kadının yaş grubu:55-59 ve Kadının eğitim durumu:Bilinmeyen,2009,69
Kadının yaş grubu:55-59 ve Kadının eğitim durumu:Bilinmeyen,2010,55
Kadının yaş grubu:55-59 ve Kadının eğitim durumu:Bilinmeyen,2011,53
Kadının yaş grubu:55-59 ve Kadının eğitim durumu:Bilinmeyen,2012,71
Kadının yaş grubu:55-59 ve Kadının eğitim durumu:Bilinmeyen,2013,45
Kadının yaş grubu:55-59 ve Kadının eğitim durumu:Bilinmeyen,2014,53
Kadının yaş grubu:55-59 ve Kadının eğitim durumu:Bilinmeyen,2015,19
Kadının yaş grubu:55-59 ve Kadının eğitim durumu:Bilinmeyen,2016,8
Kadının yaş grubu:55-59 ve Kadının eğitim durumu:Bilinmeyen,2017,6
Kadının yaş grubu:55-59 ve Kadının eğitim durumu:Bilinmeyen,2018,12
Kadının yaş grubu:55-59 ve Kadının eğitim durumu:Bilinmeyen,2019,15
Kadının yaş grubu:55-59 ve Kadının eğitim durumu:Lise Ve Dengi Meslek Okulu,2009,19
Kadının yaş grubu:55-59 ve Kadının eğitim durumu:Lise Ve Dengi Meslek Okulu,2010,18
Kadının yaş grubu:55-59 ve Kadının eğitim durumu:Lise Ve Dengi Meslek Okulu,2011,22
Kadının yaş grubu:55-59 ve Kadının eğitim durumu:Lise Ve Dengi Meslek Okulu,2012,27
Kadının yaş grubu:55-59 ve Kadının eğitim durumu:Lise Ve Dengi Meslek Okulu,2013,28
Kadının yaş grubu:55-59 ve Kadının eğitim durumu:Lise Ve Dengi Meslek Okulu,2014,36
Kadının yaş grubu:55-59 ve Kadının eğitim durumu:Lise Ve Dengi Meslek Okulu,2015,38
Kadının yaş grubu:55-59 ve Kadının eğitim durumu:Lise Ve Dengi Meslek Okulu,2016,43
Kadının yaş grubu:55-59 ve Kadının eğitim durumu:Lise Ve Dengi Meslek Okulu,2017,53
Kadının yaş grubu:55-59 ve Kadının eğitim durumu:Lise Ve Dengi Meslek Okulu,2018,48
Kadının yaş grubu:55-59 ve Kadının eğitim durumu:Lise Ve Dengi Meslek Okulu,2019,61
Kadının yaş grubu:55-59 ve Kadının eğitim durumu:Okuma Yazma Bilen Fakat Bir Okul Bitirmeyen,2009,19
Kadının yaş grubu:55-59 ve Kadının eğitim durumu:Okuma Yazma Bilen Fakat Bir Okul Bitirmeyen,2010,22
Kadının yaş grubu:55-59 ve Kadının eğitim durumu:Okuma Yazma Bilen Fakat Bir Okul Bitirmeyen,2011,18
Kadının yaş grubu:55-59 ve Kadının eğitim durumu:Okuma Yazma Bilen Fakat Bir Okul Bitirmeyen,2012,27
Kadının yaş grubu:55-59 ve Kadının eğitim durumu:Okuma Yazma Bilen Fakat Bir Okul Bitirmeyen,2013,25
Kadının yaş grubu:55-59 ve Kadının eğitim durumu:Okuma Yazma Bilen Fakat Bir Okul Bitirmeyen,2014,25
Kadının yaş grubu:55-59 ve Kadının eğitim durumu:Okuma Yazma Bilen Fakat Bir Okul Bitirmeyen,2015,47
Kadının yaş grubu:55-59 ve Kadının eğitim durumu:Okuma Yazma Bilen Fakat Bir Okul Bitirmeyen,2016,41
Kadının yaş grubu:55-59 ve Kadının eğitim durumu:Okuma Yazma Bilen Fakat Bir Okul Bitirmeyen,2017,34
Kadının yaş grubu:55-59 ve Kadının eğitim durumu:Okuma Yazma Bilen Fakat Bir Okul Bitirmeyen,2018,36
Kadının yaş grubu:55-59 ve Kadının eğitim durumu:Okuma Yazma Bilen Fakat Bir Okul Bitirmeyen,2019,41
Kadının yaş grubu:55-59 ve Kadının eğitim durumu:Okuma Yazma Bilmeyen,2009,84
Kadının yaş grubu:55-59 ve Kadının eğitim durumu:Okuma Yazma Bilmeyen,2010,77
Kadının yaş grubu:55-59 ve Kadının eğitim durumu:Okuma Yazma Bilmeyen,2011,84
Kadının yaş grubu:55-59 ve Kadının eğitim durumu:Okuma Yazma Bilmeyen,2012,75
Kadının yaş grubu:55-59 ve Kadının eğitim durumu:Okuma Yazma Bilmeyen,2013,65
Kadının yaş grubu:55-59 ve Kadının eğitim durumu:Okuma Yazma Bilmeyen,2014,70
Kadının yaş grubu:55-59 ve Kadının eğitim durumu:Okuma Yazma Bilmeyen,2015,71
Kadının yaş grubu:55-59 ve Kadının eğitim durumu:Okuma Yazma Bilmeyen,2016,50
Kadının yaş grubu:55-59 ve Kadının eğitim durumu:Okuma Yazma Bilmeyen,2017,43
Kadının yaş grubu:55-59 ve Kadının eğitim durumu:Okuma Yazma Bilmeyen,2018,48
Kadının yaş grubu:55-59 ve Kadının eğitim durumu:Okuma Yazma Bilmeyen,2019,48
Kadının yaş grubu:55-59 ve Kadının eğitim durumu:Ortaokul Veya Dengi Meslek Ortaokul,2009,8
Kadının yaş grubu:55-59 ve Kadının eğitim durumu:Ortaokul Veya Dengi Meslek Ortaokul,2010,12
Kadının yaş grubu:55-59 ve Kadının eğitim durumu:Ortaokul Veya Dengi Meslek Ortaokul,2011,5
Kadının yaş grubu:55-59 ve Kadının eğitim durumu:Ortaokul Veya Dengi Meslek Ortaokul,2012,6
Kadının yaş grubu:55-59 ve Kadının eğitim durumu:Ortaokul Veya Dengi Meslek Ortaokul,2013,8
Kadının yaş grubu:55-59 ve Kadının eğitim durumu:Ortaokul Veya Dengi Meslek Ortaokul,2014,13
Kadının yaş grubu:55-59 ve Kadının eğitim durumu:Ortaokul Veya Dengi Meslek Ortaokul,2015,11
Kadının yaş grubu:55-59 ve Kadının eğitim durumu:Ortaokul Veya Dengi Meslek Ortaokul,2016,12
Kadının yaş grubu:55-59 ve Kadının eğitim durumu:Ortaokul Veya Dengi Meslek Ortaokul,2017,21
Kadının yaş grubu:55-59 ve Kadının eğitim durumu:Ortaokul Veya Dengi Meslek Ortaokul,2018,30
Kadının yaş grubu:55-59 ve Kadının eğitim durumu:Ortaokul Veya Dengi Meslek Ortaokul,2019,26
Kadının yaş grubu:55-59 ve Kadının eğitim durumu:Yüksek Öğretim,2009,18
Kadının yaş grubu:55-59 ve Kadının eğitim durumu:Yüksek Öğretim,2010,13
Kadının yaş grubu:55-59 ve Kadının eğitim durumu:Yüksek Öğretim,2011,17
Kadının yaş grubu:55-59 ve Kadının eğitim durumu:Yüksek Öğretim,2012,24
Kadının yaş grubu:55-59 ve Kadının eğitim durumu:Yüksek Öğretim,2013,20
Kadının yaş grubu:55-59 ve Kadının eğitim durumu:Yüksek Öğretim,2014,24
Kadının yaş grubu:55-59 ve Kadının eğitim durumu:Yüksek Öğretim,2015,29
Kadının yaş grubu:55-59 ve Kadının eğitim durumu:Yüksek Öğretim,2016,36
Kadının yaş grubu:55-59 ve Kadının eğitim durumu:Yüksek Öğretim,2017,44
Kadının yaş grubu:55-59 ve Kadının eğitim durumu:Yüksek Öğretim,2018,44
Kadının yaş grubu:55-59 ve Kadının eğitim durumu:Yüksek Öğretim,2019,49
Kadının yaş grubu:55-59 ve Kadının eğitim durumu:İlkokul,2009,56
Kadının yaş grubu:55-59 ve Kadının eğitim durumu:İlkokul,2010,66
Kadının yaş grubu:55-59 ve Kadının eğitim durumu:İlkokul,2011,67
Kadının yaş grubu:55-59 ve Kadının eğitim durumu:İlkokul,2012,75
Kadının yaş grubu:55-59 ve Kadının eğitim durumu:İlkokul,2013,75
Kadının yaş grubu:55-59 ve Kadının eğitim durumu:İlkokul,2014,78
Kadının yaş grubu:55-59 ve Kadının eğitim durumu:İlkokul,2015,98
Kadının yaş grubu:55-59 ve Kadının eğitim durumu:İlkokul,2016,78
Kadının yaş grubu:55-59 ve Kadının eğitim durumu:İlkokul,2017,110
Kadının yaş grubu:55-59 ve Kadının eğitim durumu:İlkokul,2018,87
Kadının yaş grubu:55-59 ve Kadının eğitim durumu:İlkokul,2019,125
Kadının yaş grubu:55-59 ve Kadının eğitim durumu:İlköğretim,2011,6
Kadının yaş grubu:55-59 ve Kadının eğitim durumu:İlköğretim,2012,4
Kadının yaş grubu:55-59 ve Kadının eğitim durumu:İlköğretim,2013,4
Kadının yaş grubu:55-59 ve Kadının eğitim durumu:İlköğretim,2014,3
Kadının yaş grubu:55-59 ve Kadının eğitim durumu:İlköğretim,2015,11
Kadının yaş grubu:55-59 ve Kadının eğitim durumu:İlköğretim,2016,8
Kadının yaş grubu:55-59 ve Kadının eğitim durumu:İlköğretim,2017,11
Kadının yaş grubu:55-59 ve Kadının eğitim durumu:İlköğretim,2018,8
Kadının yaş grubu:55-59 ve Kadının eğitim durumu:İlköğretim,2019,22
Kadının yaş grubu:60+ ve Kadının eğitim durumu:Bilinmeyen,2009,73
Kadının yaş grubu:60+ ve Kadının eğitim durumu:Bilinmeyen,2010,81
Kadının yaş grubu:60+ ve Kadının eğitim durumu:Bilinmeyen,2011,58
Kadının yaş grubu:60+ ve Kadının eğitim durumu:Bilinmeyen,2012,74
Kadının yaş grubu:60+ ve Kadının eğitim durumu:Bilinmeyen,2013,70
Kadının yaş grubu:60+ ve Kadının eğitim durumu:Bilinmeyen,2014,58
Kadının yaş grubu:60+ ve Kadının eğitim durumu:Bilinmeyen,2015,34
Kadının yaş grubu:60+ ve Kadının eğitim durumu:Bilinmeyen,2016,11
Kadının yaş grubu:60+ ve Kadının eğitim durumu:Bilinmeyen,2017,10
Kadının yaş grubu:60+ ve Kadının eğitim durumu:Bilinmeyen,2018,14
Kadının yaş grubu:60+ ve Kadının eğitim durumu:Bilinmeyen,2019,9
Kadının yaş grubu:60+ ve Kadının eğitim durumu:Lise Ve Dengi Meslek Okulu,2009,5
Kadının yaş grubu:60+ ve Kadının eğitim durumu:Lise Ve Dengi Meslek Okulu,2010,10
Kadının yaş grubu:60+ ve Kadının eğitim durumu:Lise Ve Dengi Meslek Okulu,2011,13
Kadının yaş grubu:60+ ve Kadının eğitim durumu:Lise Ve Dengi Meslek Okulu,2012,10
Kadının yaş grubu:60+ ve Kadının eğitim durumu:Lise Ve Dengi Meslek Okulu,2013,8
Kadının yaş grubu:60+ ve Kadının eğitim durumu:Lise Ve Dengi Meslek Okulu,2014,16
Kadının yaş grubu:60+ ve Kadının eğitim durumu:Lise Ve Dengi Meslek Okulu,2015,19
Kadının yaş grubu:60+ ve Kadının eğitim durumu:Lise Ve Dengi Meslek Okulu,2016,15
Kadının yaş grubu:60+ ve Kadının eğitim durumu:Lise Ve Dengi Meslek Okulu,2017,20
Kadının yaş grubu:60+ ve Kadının eğitim durumu:Lise Ve Dengi Meslek Okulu,2018,23
Kadının yaş grubu:60+ ve Kadının eğitim durumu:Lise Ve Dengi Meslek Okulu,2019,30
Kadının yaş grubu:60+ ve Kadının eğitim durumu:Okuma Yazma Bilen Fakat Bir Okul Bitirmeyen,2009,17
Kadının yaş grubu:60+ ve Kadının eğitim durumu:Okuma Yazma Bilen Fakat Bir Okul Bitirmeyen,2010,23
Kadının yaş grubu:60+ ve Kadının eğitim durumu:Okuma Yazma Bilen Fakat Bir Okul Bitirmeyen,2011,28
Kadının yaş grubu:60+ ve Kadının eğitim durumu:Okuma Yazma Bilen Fakat Bir Okul Bitirmeyen,2012,31
Kadının yaş grubu:60+ ve Kadının eğitim durumu:Okuma Yazma Bilen Fakat Bir Okul Bitirmeyen,2013,32
Kadının yaş grubu:60+ ve Kadının eğitim durumu:Okuma Yazma Bilen Fakat Bir Okul Bitirmeyen,2014,25
Kadının yaş grubu:60+ ve Kadının eğitim durumu:Okuma Yazma Bilen Fakat Bir Okul Bitirmeyen,2015,56
Kadının yaş grubu:60+ ve Kadının eğitim durumu:Okuma Yazma Bilen Fakat Bir Okul Bitirmeyen,2016,49
Kadının yaş grubu:60+ ve Kadının eğitim durumu:Okuma Yazma Bilen Fakat Bir Okul Bitirmeyen,2017,54
Kadının yaş grubu:60+ ve Kadının eğitim durumu:Okuma Yazma Bilen Fakat Bir Okul Bitirmeyen,2018,36
Kadının yaş grubu:60+ ve Kadının eğitim durumu:Okuma Yazma Bilen Fakat Bir Okul Bitirmeyen,2019,37
Kadının yaş grubu:60+ ve Kadının eğitim durumu:Okuma Yazma Bilmeyen,2009,93
Kadının yaş grubu:60+ ve Kadının eğitim durumu:Okuma Yazma Bilmeyen,2010,135
Kadının yaş grubu:60+ ve Kadının eğitim durumu:Okuma Yazma Bilmeyen,2011,99
Kadının yaş grubu:60+ ve Kadının eğitim durumu:Okuma Yazma Bilmeyen,2012,138
Kadının yaş grubu:60+ ve Kadının eğitim durumu:Okuma Yazma Bilmeyen,2013,108
Kadının yaş grubu:60+ ve Kadının eğitim durumu:Okuma Yazma Bilmeyen,2014,127
Kadının yaş grubu:60+ ve Kadının eğitim durumu:Okuma Yazma Bilmeyen,2015,93
Kadının yaş grubu:60+ ve Kadının eğitim durumu:Okuma Yazma Bilmeyen,2016,88
Kadının yaş grubu:60+ ve Kadının eğitim durumu:Okuma Yazma Bilmeyen,2017,88
Kadının yaş grubu:60+ ve Kadının eğitim durumu:Okuma Yazma Bilmeyen,2018,90
Kadının yaş grubu:60+ ve Kadının eğitim durumu:Okuma Yazma Bilmeyen,2019,60
Kadının yaş grubu:60+ ve Kadının eğitim durumu:Ortaokul Veya Dengi Meslek Ortaokul,2009,6
Kadının yaş grubu:60+ ve Kadının eğitim durumu:Ortaokul Veya Dengi Meslek Ortaokul,2010,8
Kadının yaş grubu:60+ ve Kadının eğitim durumu:Ortaokul Veya Dengi Meslek Ortaokul,2011,9
Kadının yaş grubu:60+ ve Kadının eğitim durumu:Ortaokul Veya Dengi Meslek Ortaokul,2012,6
Kadının yaş grubu:60+ ve Kadının eğitim durumu:Ortaokul Veya Dengi Meslek Ortaokul,2013,6
Kadının yaş grubu:60+ ve Kadının eğitim durumu:Ortaokul Veya Dengi Meslek Ortaokul,2014,5
Kadının yaş grubu:60+ ve Kadının eğitim durumu:Ortaokul Veya Dengi Meslek Ortaokul,2015,4
Kadının yaş grubu:60+ ve Kadının eğitim durumu:Ortaokul Veya Dengi Meslek Ortaokul,2016,10
Kadının yaş grubu:60+ ve Kadının eğitim durumu:Ortaokul Veya Dengi Meslek Ortaokul,2017,7
Kadının yaş grubu:60+ ve Kadının eğitim durumu:Ortaokul Veya Dengi Meslek Ortaokul,2018,14
Kadının yaş grubu:60+ ve Kadının eğitim durumu:Ortaokul Veya Dengi Meslek Ortaokul,2019,17
Kadının yaş grubu:60+ ve Kadının eğitim durumu:Yüksek Öğretim,2009,7
Kadının yaş grubu:60+ ve Kadının eğitim durumu:Yüksek Öğretim,2010,14
Kadının yaş grubu:60+ ve Kadının eğitim durumu:Yüksek Öğretim,2011,8
Kadının yaş grubu:60+ ve Kadının eğitim durumu:Yüksek Öğretim,2012,7
Kadının yaş grubu:60+ ve Kadının eğitim durumu:Yüksek Öğretim,2013,14
Kadının yaş grubu:60+ ve Kadının eğitim durumu:Yüksek Öğretim,2014,14
Kadının yaş grubu:60+ ve Kadının eğitim durumu:Yüksek Öğretim,2015,17
Kadının yaş grubu:60+ ve Kadının eğitim durumu:Yüksek Öğretim,2016,16
Kadının yaş grubu:60+ ve Kadının eğitim durumu:Yüksek Öğretim,2017,27
Kadının yaş grubu:60+ ve Kadının eğitim durumu:Yüksek Öğretim,2018,24
Kadının yaş grubu:60+ ve Kadının eğitim durumu:Yüksek Öğretim,2019,29
Kadının yaş grubu:60+ ve Kadının eğitim durumu:İlkokul,2009,30
Kadının yaş grubu:60+ ve Kadının eğitim durumu:İlkokul,2010,34
Kadının yaş grubu:60+ ve Kadının eğitim durumu:İlkokul,2011,48
Kadının yaş grubu:60+ ve Kadının eğitim durumu:İlkokul,2012,50
Kadının yaş grubu:60+ ve Kadının eğitim durumu:İlkokul,2013,46
Kadının yaş grubu:60+ ve Kadının eğitim durumu:İlkokul,2014,56
Kadının yaş grubu:60+ ve Kadının eğitim durumu:İlkokul,2015,72
Kadının yaş grubu:60+ ve Kadının eğitim durumu:İlkokul,2016,75
Kadının yaş grubu:60+ ve Kadının eğitim durumu:İlkokul,2017,80
Kadının yaş grubu:60+ ve Kadının eğitim durumu:İlkokul,2018,77
Kadının yaş grubu:60+ ve Kadının eğitim durumu:İlkokul,2019,67
Kadının yaş grubu:60+ ve Kadının eğitim durumu:İlköğretim,2011,2
Kadının yaş grubu:60+ ve Kadının eğitim durumu:İlköğretim,2012,2
Kadının yaş grubu:60+ ve Kadının eğitim durumu:İlköğretim,2013,2
Kadının yaş grubu:60+ ve Kadının eğitim durumu:İlköğretim,2015,4
Kadının yaş grubu:60+ ve Kadının eğitim durumu:İlköğretim,2016,5
Kadının yaş grubu:60+ ve Kadının eğitim durumu:İlköğretim,2017,4
Kadının yaş grubu:60+ ve Kadının eğitim durumu:İlköğretim,2018,6
Kadının yaş grubu:60+ ve Kadının eğitim durumu:İlköğretim,2019,3
Kadının yaş grubu:Bilinmeyen ve Kadının eğitim durumu:Okuma Yazma Bilen Fakat Bir Okul Bitirmeyen,2013,1
Kadının yaş grubu:Bilinmeyen ve Kadının eğitim durumu:İlköğretim,2012,1
,,,
